file,channel,AUC,Resilience_Index,Transitions
sub-VP01_task-pain_nirs.snirf,S1_D1 760,-0.14825967173799767,58.49794238683128,242.0
sub-VP01_task-pain_nirs.snirf,S1_D2 760,-0.07956116226663032,582.8387096774194,30.0
sub-VP01_task-pain_nirs.snirf,S1_D12 760,0.0063757247038114945,956.9473684210526,18.0
sub-VP01_task-pain_nirs.snirf,S2_D1 760,-0.03843571342203929,61.25560538116592,222.0
sub-VP01_task-pain_nirs.snirf,S2_D3 760,-0.0036761056031448247,99.07741935483871,154.0
sub-VP01_task-pain_nirs.snirf,S3_D1 760,0.0025407012037095555,4581.25,3.0
sub-VP01_task-pain_nirs.snirf,S3_D3 760,-0.3037257899512042,52.17277486910995,190.0
sub-VP01_task-pain_nirs.snirf,S3_D4 760,0.0005482414257485567,9201.5,1.0
sub-VP01_task-pain_nirs.snirf,S3_D16 760,-0.04731882561599356,697.7692307692307,25.0
sub-VP01_task-pain_nirs.snirf,S4_D2 760,-0.11696279815430713,142.3613445378151,118.0
sub-VP01_task-pain_nirs.snirf,S4_D4 760,0.0030292004976040223,4591.25,3.0
sub-VP01_task-pain_nirs.snirf,S4_D5 760,-0.05535558493304965,129.36220472440945,126.0
sub-VP01_task-pain_nirs.snirf,S4_D14 760,-0.026797740869760223,4574.25,3.0
sub-VP01_task-pain_nirs.snirf,S4_D17 760,-0.035202600211313065,132.57142857142858,125.0
sub-VP01_task-pain_nirs.snirf,S5_D4 760,-0.00648062943162011,4587.5,3.0
sub-VP01_task-pain_nirs.snirf,S5_D6 760,-0.03871912950284612,37.60444444444445,224.0
sub-VP01_task-pain_nirs.snirf,S5_D7 760,-0.0015588719736225843,9201.5,1.0
sub-VP01_task-pain_nirs.snirf,S5_D18 760,-0.07831160478716032,175.3877551020408,97.0
sub-VP01_task-pain_nirs.snirf,S6_D5 760,-0.03650117123952507,2290.625,7.0
sub-VP01_task-pain_nirs.snirf,S6_D7 760,-0.09621670999864133,98.2638036809816,162.0
sub-VP01_task-pain_nirs.snirf,S6_D8 760,-0.012336962952490852,4598.25,3.0
sub-VP01_task-pain_nirs.snirf,S7_D6 760,-0.24244514304112338,46.041811846689896,286.0
sub-VP01_task-pain_nirs.snirf,S7_D7 760,0.03112117849517118,44.726907630522085,248.0
sub-VP01_task-pain_nirs.snirf,S8_D7 760,-0.02098800675451673,112.36054421768708,146.0
sub-VP01_task-pain_nirs.snirf,S8_D8 760,-0.026474828455469883,4577.25,3.0
sub-VP01_task-pain_nirs.snirf,S9_D8 760,0.011555879396861382,277.109375,63.0
sub-VP01_task-pain_nirs.snirf,S9_D9 760,-0.0013431896378451394,4586.5,3.0
sub-VP01_task-pain_nirs.snirf,S9_D10 760,-0.020230664932890174,3052.8333333333335,5.0
sub-VP01_task-pain_nirs.snirf,S9_D19 760,-0.03794263277950327,80.06806282722513,190.0
sub-VP01_task-pain_nirs.snirf,S10_D5 760,-0.005171716864540574,1012.4444444444445,17.0
sub-VP01_task-pain_nirs.snirf,S10_D8 760,0.005533511151072541,1138.9375,15.0
sub-VP01_task-pain_nirs.snirf,S10_D10 760,0.024174560002320995,1827.2,9.0
sub-VP01_task-pain_nirs.snirf,S10_D14 760,0.03840684922947678,756.9166666666666,23.0
sub-VP01_task-pain_nirs.snirf,S10_D20 760,0.04853392898568798,81.67724867724868,188.0
sub-VP01_task-pain_nirs.snirf,S11_D9 760,0.0035810708058406637,449.475,39.0
sub-VP01_task-pain_nirs.snirf,S11_D10 760,-0.03511356559695032,208.1904761904762,83.0
sub-VP01_task-pain_nirs.snirf,S11_D15 760,-0.07002666694307447,101.36942675159236,156.0
sub-VP01_task-pain_nirs.snirf,S12_D2 760,-0.13194143715366002,3649.0,4.0
sub-VP01_task-pain_nirs.snirf,S12_D11 760,0.00993429011113222,4580.75,3.0
sub-VP01_task-pain_nirs.snirf,S12_D12 760,0.023335624195199835,2289.0,7.0
sub-VP01_task-pain_nirs.snirf,S12_D14 760,-0.018401299950661754,1524.25,11.0
sub-VP01_task-pain_nirs.snirf,S12_D21 760,0.3607248824165661,42.99261992619926,270.0
sub-VP01_task-pain_nirs.snirf,S13_D11 760,0.044328736377947084,128.2248062015504,128.0
sub-VP01_task-pain_nirs.snirf,S13_D13 760,-0.021796131774915406,1830.9,9.0
sub-VP01_task-pain_nirs.snirf,S13_D15 760,-0.04686091201377634,288.9016393442623,60.0
sub-VP01_task-pain_nirs.snirf,S14_D11 760,0.006692740127691426,4586.5,3.0
sub-VP01_task-pain_nirs.snirf,S14_D12 760,0.017507899280363816,1526.5,11.0
sub-VP01_task-pain_nirs.snirf,S14_D13 760,0.035376240463385444,4591.25,3.0
sub-VP01_task-pain_nirs.snirf,S14_D22 760,0.3099718326702755,103.61437908496733,152.0
sub-VP01_task-pain_nirs.snirf,S15_D1 760,0.06543827113369025,105.33333333333333,152.0
sub-VP01_task-pain_nirs.snirf,S15_D12 760,0.04904580066906406,413.16279069767444,42.0
sub-VP01_task-pain_nirs.snirf,S16_D10 760,0.00810084529225304,500.47222222222223,35.0
sub-VP01_task-pain_nirs.snirf,S16_D11 760,0.05812007588753508,172.93939393939394,98.0
sub-VP01_task-pain_nirs.snirf,S16_D14 760,0.016277887609083667,4583.0,3.0
sub-VP01_task-pain_nirs.snirf,S16_D15 760,-0.010655981524094242,783.0,22.0
sub-VP01_task-pain_nirs.snirf,S16_D23 760,-0.17189549133648208,62.6,224.0
sub-VP01_task-pain_nirs.snirf,S1_D1 850,-0.20560225002877897,60.43514644351465,238.0
sub-VP01_task-pain_nirs.snirf,S1_D2 850,-0.14115856750989764,397.8,44.0
sub-VP01_task-pain_nirs.snirf,S1_D12 850,-0.027570150475100072,380.74468085106383,46.0
sub-VP01_task-pain_nirs.snirf,S2_D1 850,-0.10029469046767567,64.58222222222223,224.0
sub-VP01_task-pain_nirs.snirf,S2_D3 850,-0.04757048002762846,102.05882352941177,152.0
sub-VP01_task-pain_nirs.snirf,S3_D1 850,-0.001720704021511369,4580.75,3.0
sub-VP01_task-pain_nirs.snirf,S3_D3 850,-0.33141410869589805,40.427385892116185,240.0
sub-VP01_task-pain_nirs.snirf,S3_D4 850,-0.0017099888237089855,9201.5,1.0
sub-VP01_task-pain_nirs.snirf,S3_D16 850,-0.032472000008003724,700.0384615384615,25.0
sub-VP01_task-pain_nirs.snirf,S4_D2 850,-0.11270189083507946,100.00621118012423,160.0
sub-VP01_task-pain_nirs.snirf,S4_D4 850,0.0026047007302983493,9201.5,1.0
sub-VP01_task-pain_nirs.snirf,S4_D5 850,-0.09245162694629391,67.3607305936073,218.0
sub-VP01_task-pain_nirs.snirf,S4_D14 850,-0.050065474822718295,3045.6666666666665,5.0
sub-VP01_task-pain_nirs.snirf,S4_D17 850,-0.031074600209533537,93.04093567251462,170.0
sub-VP01_task-pain_nirs.snirf,S5_D4 850,-0.013394939657193287,4592.75,3.0
sub-VP01_task-pain_nirs.snirf,S5_D6 850,-0.12504362862812932,35.84860557768924,250.0
sub-VP01_task-pain_nirs.snirf,S5_D7 850,-0.005092882135686585,9201.5,1.0
sub-VP01_task-pain_nirs.snirf,S5_D18 850,-0.08938351125412891,179.89583333333334,95.0
sub-VP01_task-pain_nirs.snirf,S6_D5 850,-0.053582012052672226,2292.125,7.0
sub-VP01_task-pain_nirs.snirf,S6_D7 850,-0.16164264637129583,69.39449541284404,217.0
sub-VP01_task-pain_nirs.snirf,S6_D8 850,-0.024120525842336527,4588.25,3.0
sub-VP01_task-pain_nirs.snirf,S7_D6 850,-0.2449526988900147,40.37931034482759,318.0
sub-VP01_task-pain_nirs.snirf,S7_D7 850,0.02800079537759881,40.94736842105263,284.0
sub-VP01_task-pain_nirs.snirf,S8_D7 850,-0.04901674269064665,84.0855614973262,186.0
sub-VP01_task-pain_nirs.snirf,S8_D8 850,-0.0478409487332621,4577.5,3.0
sub-VP01_task-pain_nirs.snirf,S9_D8 850,-0.0060288202877074384,150.79646017699116,112.0
sub-VP01_task-pain_nirs.snirf,S9_D9 850,-0.008673636395049696,4584.0,3.0
sub-VP01_task-pain_nirs.snirf,S9_D10 850,-0.035924707251352966,2287.625,7.0
sub-VP01_task-pain_nirs.snirf,S9_D19 850,-0.0692163802035326,57.04602510460251,238.0
sub-VP01_task-pain_nirs.snirf,S10_D5 850,-0.04103863068316202,248.8,69.0
sub-VP01_task-pain_nirs.snirf,S10_D8 850,-0.025863420792621744,287.7903225806452,61.0
sub-VP01_task-pain_nirs.snirf,S10_D10 850,0.023065582265570185,1135.6875,15.0
sub-VP01_task-pain_nirs.snirf,S10_D14 850,0.04828795802661194,406.6136363636364,43.0
sub-VP01_task-pain_nirs.snirf,S10_D20 850,0.046359130952476346,60.72803347280335,238.0
sub-VP01_task-pain_nirs.snirf,S11_D9 850,-0.019369652319389086,172.17171717171718,98.0
sub-VP01_task-pain_nirs.snirf,S11_D10 850,-0.08012888181336202,115.83687943262412,140.0
sub-VP01_task-pain_nirs.snirf,S11_D15 850,-0.0973016477191241,60.15481171548117,238.0
sub-VP01_task-pain_nirs.snirf,S12_D2 850,-0.12879397016530597,1654.1818181818182,10.0
sub-VP01_task-pain_nirs.snirf,S12_D11 850,0.0012801613653266562,4580.0,3.0
sub-VP01_task-pain_nirs.snirf,S12_D12 850,0.015119839623460644,1522.25,11.0
sub-VP01_task-pain_nirs.snirf,S12_D14 850,-0.06001448989782327,336.3207547169811,52.0
sub-VP01_task-pain_nirs.snirf,S12_D21 850,0.36724904143698567,41.125475285171106,262.0
sub-VP01_task-pain_nirs.snirf,S13_D11 850,0.025149228791232492,82.84656084656085,188.0
sub-VP01_task-pain_nirs.snirf,S13_D13 850,-0.035235267749699255,1304.2857142857142,13.0
sub-VP01_task-pain_nirs.snirf,S13_D15 850,-0.08282091781513978,142.01680672268907,118.0
sub-VP01_task-pain_nirs.snirf,S14_D11 850,-0.001203295754845235,3054.8333333333335,5.0
sub-VP01_task-pain_nirs.snirf,S14_D12 850,0.014393966302975056,699.8076923076923,25.0
sub-VP01_task-pain_nirs.snirf,S14_D13 850,0.043596459367430104,1833.0,9.0
sub-VP01_task-pain_nirs.snirf,S14_D22 850,0.48189618420653696,76.94300518134715,192.0
sub-VP01_task-pain_nirs.snirf,S15_D1 850,0.07328006246814975,94.24852071005917,168.0
sub-VP01_task-pain_nirs.snirf,S15_D12 850,0.04944569214236272,344.98039215686276,50.0
sub-VP01_task-pain_nirs.snirf,S16_D10 850,0.004694148701091437,177.8556701030928,96.0
sub-VP01_task-pain_nirs.snirf,S16_D11 850,0.05937267863222835,110.11409395973155,148.0
sub-VP01_task-pain_nirs.snirf,S16_D14 850,0.019777219957218754,3052.5,5.0
sub-VP01_task-pain_nirs.snirf,S16_D15 850,-0.03272990020867861,394.5111111111111,44.0
sub-VP01_task-pain_nirs.snirf,S16_D23 850,-0.19890672922614727,47.62825278810409,268.0
sub-VP02_task-pain_nirs.snirf,S1_D1 760,0.09496622452969755,308.01851851851853,53.0
sub-VP02_task-pain_nirs.snirf,S1_D2 760,0.061753458453664395,848.5,19.0
sub-VP02_task-pain_nirs.snirf,S1_D12 760,0.010449156348854533,4279.25,3.0
sub-VP02_task-pain_nirs.snirf,S2_D1 760,0.03842140435707286,4277.5,3.0
sub-VP02_task-pain_nirs.snirf,S2_D3 760,0.07023567399140951,292.17857142857144,55.0
sub-VP02_task-pain_nirs.snirf,S3_D1 760,0.007916085170392646,8567.5,1.0
sub-VP02_task-pain_nirs.snirf,S3_D3 760,0.06095649689606658,218.06756756756758,73.0
sub-VP02_task-pain_nirs.snirf,S3_D4 760,0.04960235081738083,648.5,25.0
sub-VP02_task-pain_nirs.snirf,S3_D16 760,0.045568420300461876,54.49545454545454,219.0
sub-VP02_task-pain_nirs.snirf,S4_D2 760,0.03641358690446289,1422.6666666666667,11.0
sub-VP02_task-pain_nirs.snirf,S4_D4 760,0.007806947188848485,8567.5,1.0
sub-VP02_task-pain_nirs.snirf,S4_D5 760,0.0940630898330189,310.47169811320754,52.0
sub-VP02_task-pain_nirs.snirf,S4_D14 760,0.00021100589008488666,8567.5,1.0
sub-VP02_task-pain_nirs.snirf,S4_D17 760,0.0020392272723214547,252.0909090909091,65.0
sub-VP02_task-pain_nirs.snirf,S5_D4 760,0.02493608063364017,8567.5,1.0
sub-VP02_task-pain_nirs.snirf,S5_D6 760,0.04215421883999222,843.65,19.0
sub-VP02_task-pain_nirs.snirf,S5_D7 760,0.003918939480449865,8567.5,1.0
sub-VP02_task-pain_nirs.snirf,S5_D18 760,-0.07877642878353625,47.88755020080321,248.0
sub-VP02_task-pain_nirs.snirf,S6_D5 760,0.15662718459339442,208.46753246753246,76.0
sub-VP02_task-pain_nirs.snirf,S6_D7 760,0.05389867414402164,574.2758620689655,28.0
sub-VP02_task-pain_nirs.snirf,S6_D8 760,0.007677188670096373,4282.0,3.0
sub-VP02_task-pain_nirs.snirf,S7_D6 760,0.13877426332073262,378.5,43.0
sub-VP02_task-pain_nirs.snirf,S7_D7 760,0.03891095417300756,2837.6666666666665,5.0
sub-VP02_task-pain_nirs.snirf,S8_D7 760,0.13828762187878516,277.23728813559325,58.0
sub-VP02_task-pain_nirs.snirf,S8_D8 760,0.14713179864417358,311.8301886792453,52.0
sub-VP02_task-pain_nirs.snirf,S9_D8 760,0.03807928311237221,364.1333333333333,44.0
sub-VP02_task-pain_nirs.snirf,S9_D9 760,0.010773474061492426,8567.5,1.0
sub-VP02_task-pain_nirs.snirf,S9_D10 760,0.011836045276424012,8567.5,1.0
sub-VP02_task-pain_nirs.snirf,S9_D19 760,0.14334521647307208,53.99047619047619,209.0
sub-VP02_task-pain_nirs.snirf,S10_D5 760,0.019680923824775647,4279.25,3.0
sub-VP02_task-pain_nirs.snirf,S10_D8 760,0.0767772276858612,235.9855072463768,68.0
sub-VP02_task-pain_nirs.snirf,S10_D10 760,0.0008874573751496656,8567.5,1.0
sub-VP02_task-pain_nirs.snirf,S10_D14 760,-0.012940818701795788,8567.5,1.0
sub-VP02_task-pain_nirs.snirf,S10_D20 760,-0.029900942484099798,169.7127659574468,93.0
sub-VP02_task-pain_nirs.snirf,S11_D9 760,0.007600888971953592,8567.5,1.0
sub-VP02_task-pain_nirs.snirf,S11_D10 760,0.016103527544593106,8567.5,1.0
sub-VP02_task-pain_nirs.snirf,S11_D15 760,0.10096776786981118,284.6551724137931,57.0
sub-VP02_task-pain_nirs.snirf,S12_D2 760,0.004114402530324606,8567.5,1.0
sub-VP02_task-pain_nirs.snirf,S12_D11 760,-0.00410175243089238,8567.5,1.0
sub-VP02_task-pain_nirs.snirf,S12_D12 760,0.039603151003327564,158.73469387755102,97.0
sub-VP02_task-pain_nirs.snirf,S12_D14 760,-0.01168622968012992,8567.5,1.0
sub-VP02_task-pain_nirs.snirf,S12_D21 760,-0.016862658581572584,82.27011494252874,173.0
sub-VP02_task-pain_nirs.snirf,S13_D11 760,0.01964327298125931,4282.5,3.0
sub-VP02_task-pain_nirs.snirf,S13_D13 760,0.011064462494157786,8567.5,1.0
sub-VP02_task-pain_nirs.snirf,S13_D15 760,0.0951965783357299,225.66197183098592,70.0
sub-VP02_task-pain_nirs.snirf,S14_D11 760,0.021030559969256252,8567.5,1.0
sub-VP02_task-pain_nirs.snirf,S14_D12 760,0.034110204945972125,847.6,19.0
sub-VP02_task-pain_nirs.snirf,S14_D13 760,0.01376153901560073,8567.5,1.0
sub-VP02_task-pain_nirs.snirf,S14_D22 760,-0.008081094719439158,85.01724137931035,173.0
sub-VP02_task-pain_nirs.snirf,S15_D1 760,0.06735615885335731,379.54545454545456,43.0
sub-VP02_task-pain_nirs.snirf,S15_D12 760,0.12934478891551027,112.33576642335767,136.0
sub-VP02_task-pain_nirs.snirf,S16_D10 760,0.012201936693809166,2845.1666666666665,5.0
sub-VP02_task-pain_nirs.snirf,S16_D11 760,0.010334742357161248,943.5555555555555,17.0
sub-VP02_task-pain_nirs.snirf,S16_D14 760,-0.0017051045157924264,8567.5,1.0
sub-VP02_task-pain_nirs.snirf,S16_D15 760,0.014701873573626081,8567.5,1.0
sub-VP02_task-pain_nirs.snirf,S16_D23 760,0.037224105317296585,75.20967741935483,185.0
sub-VP02_task-pain_nirs.snirf,S1_D1 850,0.10100333439541292,235.57142857142858,69.0
sub-VP02_task-pain_nirs.snirf,S1_D2 850,0.07530505148191696,235.0142857142857,69.0
sub-VP02_task-pain_nirs.snirf,S1_D12 850,0.010458151534211712,4282.0,3.0
sub-VP02_task-pain_nirs.snirf,S2_D1 850,0.044400512639164454,4278.0,3.0
sub-VP02_task-pain_nirs.snirf,S2_D3 850,0.08984785606685826,161.4387755102041,97.0
sub-VP02_task-pain_nirs.snirf,S3_D1 850,0.008848765005844118,8567.5,1.0
sub-VP02_task-pain_nirs.snirf,S3_D3 850,0.0847228650933776,149.62264150943398,105.0
sub-VP02_task-pain_nirs.snirf,S3_D4 850,0.059911742301090185,379.79545454545456,43.0
sub-VP02_task-pain_nirs.snirf,S3_D16 850,0.04443816515587337,68.03061224489795,195.0
sub-VP02_task-pain_nirs.snirf,S4_D2 850,0.054228203555334406,380.72727272727275,43.0
sub-VP02_task-pain_nirs.snirf,S4_D4 850,0.01086086985235507,8567.5,1.0
sub-VP02_task-pain_nirs.snirf,S4_D5 850,0.1590282674578423,97.21290322580646,154.0
sub-VP02_task-pain_nirs.snirf,S4_D14 850,0.0008686875554931375,8567.5,1.0
sub-VP02_task-pain_nirs.snirf,S4_D17 850,0.004197553677893054,469.1111111111111,35.0
sub-VP02_task-pain_nirs.snirf,S5_D4 850,0.036520169682346906,8567.5,1.0
sub-VP02_task-pain_nirs.snirf,S5_D6 850,0.05510727110768892,1057.875,15.0
sub-VP02_task-pain_nirs.snirf,S5_D7 850,0.00496188758413547,8567.5,1.0
sub-VP02_task-pain_nirs.snirf,S5_D18 850,-0.05446503383895848,61.44392523364486,213.0
sub-VP02_task-pain_nirs.snirf,S6_D5 850,0.16392808900896783,156.31683168316832,100.0
sub-VP02_task-pain_nirs.snirf,S6_D7 850,0.06099265187014974,537.1612903225806,30.0
sub-VP02_task-pain_nirs.snirf,S6_D8 850,0.011307041071091052,8567.5,1.0
sub-VP02_task-pain_nirs.snirf,S7_D6 850,0.18985318672941037,214.5,75.0
sub-VP02_task-pain_nirs.snirf,S7_D7 850,0.046510194419680836,4261.5,3.0
sub-VP02_task-pain_nirs.snirf,S8_D7 850,0.12287979016885209,193.09638554216866,82.0
sub-VP02_task-pain_nirs.snirf,S8_D8 850,0.11486354310828593,193.20481927710844,82.0
sub-VP02_task-pain_nirs.snirf,S9_D8 850,0.05220876519396419,223.91549295774647,70.0
sub-VP02_task-pain_nirs.snirf,S9_D9 850,0.03008131431627907,8567.5,1.0
sub-VP02_task-pain_nirs.snirf,S9_D10 850,0.02180115807069162,8567.5,1.0
sub-VP02_task-pain_nirs.snirf,S9_D19 850,0.1933539082476547,41.84016393442623,243.0
sub-VP02_task-pain_nirs.snirf,S10_D5 850,0.030482029999430026,2851.1666666666665,5.0
sub-VP02_task-pain_nirs.snirf,S10_D8 850,0.14196566636613495,99.94557823129252,146.0
sub-VP02_task-pain_nirs.snirf,S10_D10 850,0.0028970949026736123,8567.5,1.0
sub-VP02_task-pain_nirs.snirf,S10_D14 850,-0.013037092734084755,8567.5,1.0
sub-VP02_task-pain_nirs.snirf,S10_D20 850,-0.028023002841115474,247.86363636363637,65.0
sub-VP02_task-pain_nirs.snirf,S11_D9 850,0.015742615119038128,8567.5,1.0
sub-VP02_task-pain_nirs.snirf,S11_D10 850,0.028573878290049964,8567.5,1.0
sub-VP02_task-pain_nirs.snirf,S11_D15 850,0.16080286120394144,100.71428571428571,153.0
sub-VP02_task-pain_nirs.snirf,S12_D2 850,0.0074623274851878495,8567.5,1.0
sub-VP02_task-pain_nirs.snirf,S12_D11 850,-0.004857458694203695,8567.5,1.0
sub-VP02_task-pain_nirs.snirf,S12_D12 850,0.0577498962163671,126.04098360655738,121.0
sub-VP02_task-pain_nirs.snirf,S12_D14 850,-0.02981336806656301,1707.6,9.0
sub-VP02_task-pain_nirs.snirf,S12_D21 850,-0.013595529827677283,97.98026315789474,151.0
sub-VP02_task-pain_nirs.snirf,S13_D11 850,0.03202627062654133,4280.5,3.0
sub-VP02_task-pain_nirs.snirf,S13_D13 850,0.019212273770520844,8567.5,1.0
sub-VP02_task-pain_nirs.snirf,S13_D15 850,0.14182574221354294,74.39378238341969,192.0
sub-VP02_task-pain_nirs.snirf,S14_D11 850,0.03605929844675123,8567.5,1.0
sub-VP02_task-pain_nirs.snirf,S14_D12 850,0.06550698340232536,226.11111111111111,71.0
sub-VP02_task-pain_nirs.snirf,S14_D13 850,0.025424042493087412,8567.5,1.0
sub-VP02_task-pain_nirs.snirf,S14_D22 850,0.006480500167723141,70.635,199.0
sub-VP02_task-pain_nirs.snirf,S15_D1 850,0.08031772461873699,234.17142857142858,69.0
sub-VP02_task-pain_nirs.snirf,S15_D12 850,0.13748275838554053,74.5130890052356,190.0
sub-VP02_task-pain_nirs.snirf,S16_D10 850,0.026586970111524402,181.5888888888889,89.0
sub-VP02_task-pain_nirs.snirf,S16_D11 850,0.017871480722075075,491.6764705882353,33.0
sub-VP02_task-pain_nirs.snirf,S16_D14 850,-0.0028123109601657344,8567.5,1.0
sub-VP02_task-pain_nirs.snirf,S16_D15 850,0.02381819842065529,8567.5,1.0
sub-VP02_task-pain_nirs.snirf,S16_D23 850,0.03748933804595979,76.29891304347827,183.0
sub-VP03_task-pain_nirs.snirf,S1_D1 760,0.010906129582950006,2798.6666666666665,5.0
sub-VP03_task-pain_nirs.snirf,S1_D2 760,-0.004290227877433373,2091.25,7.0
sub-VP03_task-pain_nirs.snirf,S1_D12 760,0.13737767706299103,84.0828402366864,168.0
sub-VP03_task-pain_nirs.snirf,S2_D1 760,-0.057480360348191324,163.1263157894737,94.0
sub-VP03_task-pain_nirs.snirf,S2_D3 760,0.15795263254013317,290.6363636363636,54.0
sub-VP03_task-pain_nirs.snirf,S3_D1 760,-0.00106739177392637,4203.0,3.0
sub-VP03_task-pain_nirs.snirf,S3_D3 760,0.13427279664127784,97.30281690140845,141.0
sub-VP03_task-pain_nirs.snirf,S3_D4 760,0.012870304492308741,4187.75,3.0
sub-VP03_task-pain_nirs.snirf,S3_D16 760,0.12902410092889843,189.5,83.0
sub-VP03_task-pain_nirs.snirf,S4_D2 760,-0.07272430217747793,145.38679245283018,105.0
sub-VP03_task-pain_nirs.snirf,S4_D4 760,-0.031518028124739264,2795.0,5.0
sub-VP03_task-pain_nirs.snirf,S4_D5 760,-0.2186644926596182,219.69444444444446,71.0
sub-VP03_task-pain_nirs.snirf,S4_D14 760,-0.03470625459374843,3327.2,4.0
sub-VP03_task-pain_nirs.snirf,S4_D17 760,-0.20810973426674859,163.59574468085106,93.0
sub-VP03_task-pain_nirs.snirf,S5_D4 760,0.03729681389243949,2088.625,7.0
sub-VP03_task-pain_nirs.snirf,S5_D6 760,-0.13616580154553537,131.85087719298247,113.0
sub-VP03_task-pain_nirs.snirf,S5_D7 760,-0.03657646142163466,5530.666666666667,2.0
sub-VP03_task-pain_nirs.snirf,S5_D18 760,0.1304257475802355,101.08108108108108,147.0
sub-VP03_task-pain_nirs.snirf,S6_D5 760,-0.20211748800632304,354.0,45.0
sub-VP03_task-pain_nirs.snirf,S6_D7 760,-0.23911227313268707,689.8333333333334,23.0
sub-VP03_task-pain_nirs.snirf,S6_D8 760,-0.20695234533419626,2086.25,7.0
sub-VP03_task-pain_nirs.snirf,S7_D6 760,-0.21063820478016027,506.34375,31.0
sub-VP03_task-pain_nirs.snirf,S7_D7 760,-0.04886226288926093,203.97402597402598,76.0
sub-VP03_task-pain_nirs.snirf,S8_D7 760,0.005990717466310025,427.10526315789474,37.0
sub-VP03_task-pain_nirs.snirf,S8_D8 760,-0.1598812798012087,300.037037037037,53.0
sub-VP03_task-pain_nirs.snirf,S9_D8 760,-0.00015832162253597883,2782.5,5.0
sub-VP03_task-pain_nirs.snirf,S9_D9 760,-0.02399036020760041,3325.6,4.0
sub-VP03_task-pain_nirs.snirf,S9_D10 760,-0.1253455194147845,1390.75,11.0
sub-VP03_task-pain_nirs.snirf,S9_D19 760,1.1704350026652959,25.92526690391459,280.0
sub-VP03_task-pain_nirs.snirf,S10_D5 760,0.038572340000608496,2784.0,5.0
sub-VP03_task-pain_nirs.snirf,S10_D8 760,0.05098999496543,1185.9285714285713,13.0
sub-VP03_task-pain_nirs.snirf,S10_D10 760,-0.2554332359175874,1384.5833333333333,11.0
sub-VP03_task-pain_nirs.snirf,S10_D14 760,-0.03489311202630722,3329.8,4.0
sub-VP03_task-pain_nirs.snirf,S10_D20 760,-1.2613565287903794,39.56785714285714,279.0
sub-VP03_task-pain_nirs.snirf,S11_D9 760,-0.10118444463022992,3334.4,4.0
sub-VP03_task-pain_nirs.snirf,S11_D10 760,0.038838961201112604,2791.0,5.0
sub-VP03_task-pain_nirs.snirf,S11_D15 760,-0.29048452689956106,104.8972602739726,145.0
sub-VP03_task-pain_nirs.snirf,S12_D2 760,0.0348999448236309,479.79411764705884,33.0
sub-VP03_task-pain_nirs.snirf,S12_D11 760,-0.05259390614990254,5528.333333333333,2.0
sub-VP03_task-pain_nirs.snirf,S12_D12 760,0.07329134773058833,481.4117647058824,33.0
sub-VP03_task-pain_nirs.snirf,S12_D14 760,-0.30961858454797486,663.68,24.0
sub-VP03_task-pain_nirs.snirf,S12_D21 760,0.25564790204568516,151.19417475728156,102.0
sub-VP03_task-pain_nirs.snirf,S13_D11 760,0.18308772569349935,259.11290322580646,61.0
sub-VP03_task-pain_nirs.snirf,S13_D13 760,0.06727445219800263,629.1538461538462,25.0
sub-VP03_task-pain_nirs.snirf,S13_D15 760,-0.1085941026945861,593.3928571428571,27.0
sub-VP03_task-pain_nirs.snirf,S14_D11 760,-0.027782218691482667,4187.0,3.0
sub-VP03_task-pain_nirs.snirf,S14_D12 760,-0.02955426333545922,978.0588235294117,16.0
sub-VP03_task-pain_nirs.snirf,S14_D13 760,-0.016362255722287895,5527.0,2.0
sub-VP03_task-pain_nirs.snirf,S14_D22 760,1.0615416125745902,31.15358361774744,292.0
sub-VP03_task-pain_nirs.snirf,S15_D1 760,-0.10488535621120805,406.95,39.0
sub-VP03_task-pain_nirs.snirf,S15_D12 760,0.3001676745625781,79.8443113772455,166.0
sub-VP03_task-pain_nirs.snirf,S16_D10 760,-0.2087561653374821,324.04,49.0
sub-VP03_task-pain_nirs.snirf,S16_D11 760,-0.029734739168065554,3334.8,4.0
sub-VP03_task-pain_nirs.snirf,S16_D14 760,-0.17791209129068494,1842.4444444444443,8.0
sub-VP03_task-pain_nirs.snirf,S16_D15 760,-0.012527459469507365,2777.5,5.0
sub-VP03_task-pain_nirs.snirf,S16_D23 760,0.2528783194308901,62.71495327102804,213.0
sub-VP03_task-pain_nirs.snirf,S1_D1 850,-0.005613989596466702,4199.75,3.0
sub-VP03_task-pain_nirs.snirf,S1_D2 850,-0.02238520873118345,2092.5,7.0
sub-VP03_task-pain_nirs.snirf,S1_D12 850,0.09861144549391897,102.85034013605443,146.0
sub-VP03_task-pain_nirs.snirf,S2_D1 850,-0.11098045466750397,117.74045801526718,130.0
sub-VP03_task-pain_nirs.snirf,S2_D3 850,0.10263783882961622,209.18421052631578,75.0
sub-VP03_task-pain_nirs.snirf,S3_D1 850,-0.00827287032625535,4204.5,3.0
sub-VP03_task-pain_nirs.snirf,S3_D3 850,0.1557884099183955,84.53703703703704,161.0
sub-VP03_task-pain_nirs.snirf,S3_D4 850,0.0066962723137179315,4187.5,3.0
sub-VP03_task-pain_nirs.snirf,S3_D16 850,0.0785254024742784,485.2647058823529,33.0
sub-VP03_task-pain_nirs.snirf,S4_D2 850,-0.07387911515666631,137.625,111.0
sub-VP03_task-pain_nirs.snirf,S4_D4 850,-0.034985824744817845,4193.0,3.0
sub-VP03_task-pain_nirs.snirf,S4_D5 850,-0.2413752978237779,175.06666666666666,89.0
sub-VP03_task-pain_nirs.snirf,S4_D14 850,-0.03609006461749481,3328.6,4.0
sub-VP03_task-pain_nirs.snirf,S4_D17 850,-0.11871853507889113,269.81666666666666,59.0
sub-VP03_task-pain_nirs.snirf,S5_D4 850,0.007812244251608848,2092.0,7.0
sub-VP03_task-pain_nirs.snirf,S5_D6 850,-0.18060230013233586,155.68367346938774,97.0
sub-VP03_task-pain_nirs.snirf,S5_D7 850,-0.05873279184089009,5531.0,2.0
sub-VP03_task-pain_nirs.snirf,S5_D18 850,0.06176487089070977,133.10344827586206,115.0
sub-VP03_task-pain_nirs.snirf,S6_D5 850,-0.20020475192908338,590.8571428571429,27.0
sub-VP03_task-pain_nirs.snirf,S6_D7 850,-0.32601964662775645,590.5357142857143,27.0
sub-VP03_task-pain_nirs.snirf,S6_D8 850,-0.23391652109912697,2782.8333333333335,5.0
sub-VP03_task-pain_nirs.snirf,S7_D6 850,-0.2874462108375686,325.0,49.0
sub-VP03_task-pain_nirs.snirf,S7_D7 850,-0.1213133898435298,215.3835616438356,72.0
sub-VP03_task-pain_nirs.snirf,S8_D7 850,-0.15426638373480028,212.04054054054055,73.0
sub-VP03_task-pain_nirs.snirf,S8_D8 850,-0.2927443606089851,169.55434782608697,91.0
sub-VP03_task-pain_nirs.snirf,S9_D8 850,-0.0649760948528171,457.75,35.0
sub-VP03_task-pain_nirs.snirf,S9_D9 850,-0.12949572074912485,717.2173913043479,22.0
sub-VP03_task-pain_nirs.snirf,S9_D10 850,-0.17975361743143947,1037.125,15.0
sub-VP03_task-pain_nirs.snirf,S9_D19 850,1.3212966011261653,23.515463917525775,290.0
sub-VP03_task-pain_nirs.snirf,S10_D5 850,0.03684328312253354,2091.25,7.0
sub-VP03_task-pain_nirs.snirf,S10_D8 850,0.03552724232609641,586.5714285714286,27.0
sub-VP03_task-pain_nirs.snirf,S10_D10 850,-0.3204467185765149,549.9666666666667,29.0
sub-VP03_task-pain_nirs.snirf,S10_D14 850,-0.040185174117589366,3330.8,4.0
sub-VP03_task-pain_nirs.snirf,S10_D20 850,-1.0397332808151585,48.78294573643411,257.0
sub-VP03_task-pain_nirs.snirf,S11_D9 850,-0.15701898543807685,2378.4285714285716,6.0
sub-VP03_task-pain_nirs.snirf,S11_D10 850,0.012231565882352722,2787.1666666666665,5.0
sub-VP03_task-pain_nirs.snirf,S11_D15 850,-0.31578801183586763,97.25641025641026,155.0
sub-VP03_task-pain_nirs.snirf,S12_D2 850,0.08721837494735354,214.56756756756758,73.0
sub-VP03_task-pain_nirs.snirf,S12_D11 850,-0.03938387162721559,3318.4,4.0
sub-VP03_task-pain_nirs.snirf,S12_D12 850,0.06907998983039951,513.8125,31.0
sub-VP03_task-pain_nirs.snirf,S12_D14 850,-0.32178173921271486,401.5609756097561,40.0
sub-VP03_task-pain_nirs.snirf,S12_D21 850,0.18773341052530898,361.1111111111111,44.0
sub-VP03_task-pain_nirs.snirf,S13_D11 850,0.18697957508235505,126.54918032786885,121.0
sub-VP03_task-pain_nirs.snirf,S13_D13 850,0.0079942346033572,230.1014492753623,68.0
sub-VP03_task-pain_nirs.snirf,S13_D15 850,-0.1490846145607338,471.0571428571429,34.0
sub-VP03_task-pain_nirs.snirf,S14_D11 850,-0.08289814215017427,2789.8333333333335,5.0
sub-VP03_task-pain_nirs.snirf,S14_D12 850,-0.06789427832975622,381.3255813953488,42.0
sub-VP03_task-pain_nirs.snirf,S14_D13 850,-0.08804426426908149,2371.285714285714,6.0
sub-VP03_task-pain_nirs.snirf,S14_D22 850,1.105479201642642,30.61855670103093,290.0
sub-VP03_task-pain_nirs.snirf,S15_D1 850,-0.14551562892514167,409.025,39.0
sub-VP03_task-pain_nirs.snirf,S15_D12 850,0.2326339429004341,81.58083832335329,166.0
sub-VP03_task-pain_nirs.snirf,S16_D10 850,-0.2989533672225452,167.24468085106383,93.0
sub-VP03_task-pain_nirs.snirf,S16_D11 850,-0.0331970173944387,1851.2222222222222,8.0
sub-VP03_task-pain_nirs.snirf,S16_D14 850,-0.2117670314585745,2070.75,7.0
sub-VP03_task-pain_nirs.snirf,S16_D15 850,-0.015094367354166078,2778.8333333333335,5.0
sub-VP03_task-pain_nirs.snirf,S16_D23 850,0.20106467635435785,93.37662337662337,153.0
sub-VP05_task-pain_nirs.snirf,S1_D1 760,0.044147960674526726,126.03448275862068,144.0
sub-VP05_task-pain_nirs.snirf,S1_D2 760,0.003442287326490866,4989.5,3.0
sub-VP05_task-pain_nirs.snirf,S1_D12 760,0.001889715304827927,10004.5,1.0
sub-VP05_task-pain_nirs.snirf,S2_D1 760,0.03176873923589159,502.12820512820514,38.0
sub-VP05_task-pain_nirs.snirf,S2_D3 760,0.030831544423750606,101.39766081871345,170.0
sub-VP05_task-pain_nirs.snirf,S3_D1 760,0.00045397111729242833,10004.5,1.0
sub-VP05_task-pain_nirs.snirf,S3_D3 760,0.07742184648432121,138.56589147286823,128.0
sub-VP05_task-pain_nirs.snirf,S3_D4 760,0.0013470491286703,4999.0,3.0
sub-VP05_task-pain_nirs.snirf,S3_D16 760,-0.012931504021896321,341.2280701754386,56.0
sub-VP05_task-pain_nirs.snirf,S4_D2 760,0.002080030853724799,4990.0,3.0
sub-VP05_task-pain_nirs.snirf,S4_D4 760,0.0003640221276434922,4988.25,3.0
sub-VP05_task-pain_nirs.snirf,S4_D5 760,0.0008416041129231328,4988.0,3.0
sub-VP05_task-pain_nirs.snirf,S4_D14 760,0.0006525793793970208,4990.5,3.0
sub-VP05_task-pain_nirs.snirf,S4_D17 760,-0.0003342714676017808,6641.666666666667,2.0
sub-VP05_task-pain_nirs.snirf,S5_D4 760,0.0021272912645607473,4989.25,3.0
sub-VP05_task-pain_nirs.snirf,S5_D6 760,0.16198723765345752,130.1037037037037,134.0
sub-VP05_task-pain_nirs.snirf,S5_D7 760,0.0005860163516122019,3331.3333333333335,5.0
sub-VP05_task-pain_nirs.snirf,S5_D18 760,-0.004664303110651642,250.28571428571428,76.0
sub-VP05_task-pain_nirs.snirf,S6_D5 760,-0.0005203892544469865,4994.0,3.0
sub-VP05_task-pain_nirs.snirf,S6_D7 760,0.014445422432304678,477.0243902439024,40.0
sub-VP05_task-pain_nirs.snirf,S6_D8 760,0.0014251141403507175,10004.5,1.0
sub-VP05_task-pain_nirs.snirf,S7_D6 760,0.10490137428613924,138.2093023255814,128.0
sub-VP05_task-pain_nirs.snirf,S7_D7 760,0.07399500090716579,240.1772151898734,78.0
sub-VP05_task-pain_nirs.snirf,S8_D7 760,0.1550081913028368,175.14018691588785,106.0
sub-VP05_task-pain_nirs.snirf,S8_D8 760,0.0009613578237916039,4988.5,3.0
sub-VP05_task-pain_nirs.snirf,S9_D8 760,0.000856780399465327,10004.5,1.0
sub-VP05_task-pain_nirs.snirf,S9_D9 760,0.001238838915140357,10004.5,1.0
sub-VP05_task-pain_nirs.snirf,S9_D10 760,0.0005366445632714709,10004.5,1.0
sub-VP05_task-pain_nirs.snirf,S9_D19 760,-0.028626325912576578,92.01621621621622,184.0
sub-VP05_task-pain_nirs.snirf,S10_D5 760,0.00012591225380540654,4990.5,3.0
sub-VP05_task-pain_nirs.snirf,S10_D8 760,0.0002727396302901711,10004.5,1.0
sub-VP05_task-pain_nirs.snirf,S10_D10 760,8.982268701467121e-05,4991.0,3.0
sub-VP05_task-pain_nirs.snirf,S10_D14 760,0.0020460792355884634,4988.25,3.0
sub-VP05_task-pain_nirs.snirf,S10_D20 760,-0.03888677233595755,65.86075949367088,236.0
sub-VP05_task-pain_nirs.snirf,S11_D9 760,0.0006641830175172319,10004.5,1.0
sub-VP05_task-pain_nirs.snirf,S11_D10 760,4.623040971226463e-05,3330.3333333333335,5.0
sub-VP05_task-pain_nirs.snirf,S11_D15 760,0.0013039282939032368,4990.0,3.0
sub-VP05_task-pain_nirs.snirf,S12_D2 760,0.0010124175225491878,4988.0,3.0
sub-VP05_task-pain_nirs.snirf,S12_D11 760,0.0003559042556742321,4989.0,3.0
sub-VP05_task-pain_nirs.snirf,S12_D12 760,0.001394269172021488,4986.75,3.0
sub-VP05_task-pain_nirs.snirf,S12_D14 760,0.0013630265367377016,4990.75,3.0
sub-VP05_task-pain_nirs.snirf,S12_D21 760,0.004917864776266989,1040.6315789473683,18.0
sub-VP05_task-pain_nirs.snirf,S13_D11 760,0.00021812795991031132,10004.5,1.0
sub-VP05_task-pain_nirs.snirf,S13_D13 760,0.00045524309391139237,10004.5,1.0
sub-VP05_task-pain_nirs.snirf,S13_D15 760,0.0005677113465951678,4998.75,3.0
sub-VP05_task-pain_nirs.snirf,S14_D11 760,0.0005388148941230278,4990.0,3.0
sub-VP05_task-pain_nirs.snirf,S14_D12 760,0.00044318534586042636,4990.25,3.0
sub-VP05_task-pain_nirs.snirf,S14_D13 760,0.0007232128173488097,4991.0,3.0
sub-VP05_task-pain_nirs.snirf,S14_D22 760,0.0029976943518273957,6641.333333333333,2.0
sub-VP05_task-pain_nirs.snirf,S15_D1 760,0.17907935430138266,85.38048780487804,204.0
sub-VP05_task-pain_nirs.snirf,S15_D12 760,0.0031100303005206407,10004.5,1.0
sub-VP05_task-pain_nirs.snirf,S16_D10 760,0.00026199406420814595,4999.5,3.0
sub-VP05_task-pain_nirs.snirf,S16_D11 760,0.0010864961827248424,4989.5,3.0
sub-VP05_task-pain_nirs.snirf,S16_D14 760,0.000861689572507638,4990.25,3.0
sub-VP05_task-pain_nirs.snirf,S16_D15 760,0.0008392718555775315,10004.5,1.0
sub-VP05_task-pain_nirs.snirf,S16_D23 760,-0.05737688279283386,196.69473684210527,94.0
sub-VP05_task-pain_nirs.snirf,S1_D1 850,0.10038589160213965,62.758893280632414,252.0
sub-VP05_task-pain_nirs.snirf,S1_D2 850,0.012650427392158844,3323.0,5.0
sub-VP05_task-pain_nirs.snirf,S1_D12 850,0.006824356279170046,4997.75,3.0
sub-VP05_task-pain_nirs.snirf,S2_D1 850,0.06254348662220585,449.3255813953488,42.0
sub-VP05_task-pain_nirs.snirf,S2_D3 850,0.0014853573562976091,91.58201058201058,188.0
sub-VP05_task-pain_nirs.snirf,S3_D1 850,0.0012237574758642135,10004.5,1.0
sub-VP05_task-pain_nirs.snirf,S3_D3 850,0.050880550958220236,128.98561151079136,138.0
sub-VP05_task-pain_nirs.snirf,S3_D4 850,0.0025268318096970657,3329.0,5.0
sub-VP05_task-pain_nirs.snirf,S3_D16 850,-0.028293489242089416,379.6470588235294,50.0
sub-VP05_task-pain_nirs.snirf,S4_D2 850,0.00619077212077177,4985.75,3.0
sub-VP05_task-pain_nirs.snirf,S4_D4 850,0.0011782567212511902,4987.25,3.0
sub-VP05_task-pain_nirs.snirf,S4_D5 850,0.0025682160885284093,4986.5,3.0
sub-VP05_task-pain_nirs.snirf,S4_D14 850,0.001997975596931578,4986.0,3.0
sub-VP05_task-pain_nirs.snirf,S4_D17 850,0.005999144070759833,2210.5555555555557,8.0
sub-VP05_task-pain_nirs.snirf,S5_D4 850,0.0010757203197042375,4987.5,3.0
sub-VP05_task-pain_nirs.snirf,S5_D6 850,0.09277477478446806,150.01666666666668,119.0
sub-VP05_task-pain_nirs.snirf,S5_D7 850,0.0008968149244857817,4988.5,3.0
sub-VP05_task-pain_nirs.snirf,S5_D18 850,-0.006284080786986709,272.943661971831,70.0
sub-VP05_task-pain_nirs.snirf,S6_D5 850,0.006440785090865771,3322.6666666666665,5.0
sub-VP05_task-pain_nirs.snirf,S6_D7 850,0.06192476530753033,104.9766081871345,170.0
sub-VP05_task-pain_nirs.snirf,S6_D8 850,0.003830832024962907,10004.5,1.0
sub-VP05_task-pain_nirs.snirf,S7_D6 850,0.07396571165057324,131.71014492753622,137.0
sub-VP05_task-pain_nirs.snirf,S7_D7 850,0.10357650602308516,184.54455445544554,100.0
sub-VP05_task-pain_nirs.snirf,S8_D7 850,0.3446656138334321,67.03319502074689,240.0
sub-VP05_task-pain_nirs.snirf,S8_D8 850,0.007881504382392568,4987.5,3.0
sub-VP05_task-pain_nirs.snirf,S9_D8 850,0.001600184449927266,10004.5,1.0
sub-VP05_task-pain_nirs.snirf,S9_D9 850,0.003896732570554994,10004.5,1.0
sub-VP05_task-pain_nirs.snirf,S9_D10 850,0.0007061189112199629,10004.5,1.0
sub-VP05_task-pain_nirs.snirf,S9_D19 850,-0.006335213439314674,41.27540983606557,304.0
sub-VP05_task-pain_nirs.snirf,S10_D5 850,0.0008323401640620004,4988.25,3.0
sub-VP05_task-pain_nirs.snirf,S10_D8 850,5.293987321317668e-05,10004.5,1.0
sub-VP05_task-pain_nirs.snirf,S10_D10 850,0.0014705091272374593,4987.25,3.0
sub-VP05_task-pain_nirs.snirf,S10_D14 850,0.006578466503799599,4987.0,3.0
sub-VP05_task-pain_nirs.snirf,S10_D20 850,-0.015126844511174131,46.22372881355932,294.0
sub-VP05_task-pain_nirs.snirf,S11_D9 850,0.003299896028146074,10004.5,1.0
sub-VP05_task-pain_nirs.snirf,S11_D10 850,0.0010196512007871923,4988.5,3.0
sub-VP05_task-pain_nirs.snirf,S11_D15 850,0.0041058975308229054,4990.0,3.0
sub-VP05_task-pain_nirs.snirf,S12_D2 850,0.002692350547610198,4985.75,3.0
sub-VP05_task-pain_nirs.snirf,S12_D11 850,0.001297475842200808,4986.75,3.0
sub-VP05_task-pain_nirs.snirf,S12_D12 850,0.003263987980868248,4986.5,3.0
sub-VP05_task-pain_nirs.snirf,S12_D14 850,0.00537638020135463,4986.0,3.0
sub-VP05_task-pain_nirs.snirf,S12_D21 850,0.002360542046305536,68.3127572016461,242.0
sub-VP05_task-pain_nirs.snirf,S13_D11 850,0.0004944524001956807,3329.0,5.0
sub-VP05_task-pain_nirs.snirf,S13_D13 850,0.0012926369012760423,4990.5,3.0
sub-VP05_task-pain_nirs.snirf,S13_D15 850,0.0031893432100548683,4987.75,3.0
sub-VP05_task-pain_nirs.snirf,S14_D11 850,0.0006277363677418147,4987.5,3.0
sub-VP05_task-pain_nirs.snirf,S14_D12 850,0.0014407150634628205,4988.25,3.0
sub-VP05_task-pain_nirs.snirf,S14_D13 850,0.0017564777333189422,4987.25,3.0
sub-VP05_task-pain_nirs.snirf,S14_D22 850,0.0037970380387654587,6641.0,2.0
sub-VP05_task-pain_nirs.snirf,S15_D1 850,0.3347456456208101,47.523809523809526,314.0
sub-VP05_task-pain_nirs.snirf,S15_D12 850,0.011599909877140125,4996.25,3.0
sub-VP05_task-pain_nirs.snirf,S16_D10 850,0.0022660495840087762,4988.25,3.0
sub-VP05_task-pain_nirs.snirf,S16_D11 850,0.003358258554274086,4987.5,3.0
sub-VP05_task-pain_nirs.snirf,S16_D14 850,0.001379929781257206,4987.75,3.0
sub-VP05_task-pain_nirs.snirf,S16_D15 850,0.004202025019375184,4990.0,3.0
sub-VP05_task-pain_nirs.snirf,S16_D23 850,-0.04201168086996687,54.16245487364621,276.0
sub-VP06_task-pain_nirs.snirf,S1_D1 760,-0.027227866530642852,535.375,31.0
sub-VP06_task-pain_nirs.snirf,S1_D2 760,-0.009890797862180209,616.4642857142857,27.0
sub-VP06_task-pain_nirs.snirf,S1_D12 760,-0.0019322217591118233,2916.6666666666665,5.0
sub-VP06_task-pain_nirs.snirf,S2_D1 760,0.012075580433159594,285.3103448275862,57.0
sub-VP06_task-pain_nirs.snirf,S2_D3 760,0.007416938499291856,405.76190476190476,41.0
sub-VP06_task-pain_nirs.snirf,S3_D1 760,-0.00822289883609845,3438.8,4.0
sub-VP06_task-pain_nirs.snirf,S3_D3 760,-0.011625044220546235,268.241935483871,61.0
sub-VP06_task-pain_nirs.snirf,S3_D4 760,-0.0025781974808628105,2178.875,7.0
sub-VP06_task-pain_nirs.snirf,S3_D16 760,-0.06310837598458185,271.93548387096774,61.0
sub-VP06_task-pain_nirs.snirf,S4_D2 760,-0.02054419687930603,214.41558441558442,76.0
sub-VP06_task-pain_nirs.snirf,S4_D4 760,0.004883112781364152,3433.0,4.0
sub-VP06_task-pain_nirs.snirf,S4_D5 760,-0.008291393216648,170.60638297872342,93.0
sub-VP06_task-pain_nirs.snirf,S4_D14 760,0.004891284672298666,491.38235294117646,33.0
sub-VP06_task-pain_nirs.snirf,S4_D17 760,0.012507063306492469,75.33689839572193,186.0
sub-VP06_task-pain_nirs.snirf,S5_D4 760,-0.018618472247857582,489.74285714285713,34.0
sub-VP06_task-pain_nirs.snirf,S5_D6 760,0.02910129849323949,69.52970297029702,201.0
sub-VP06_task-pain_nirs.snirf,S5_D7 760,-0.0027742003450588553,4395.0,3.0
sub-VP06_task-pain_nirs.snirf,S5_D18 760,0.09133149497324457,100.0,155.0
sub-VP06_task-pain_nirs.snirf,S6_D5 760,-0.008433649433514573,191.40697674418604,85.0
sub-VP06_task-pain_nirs.snirf,S6_D7 760,-0.02719169630833529,287.0344827586207,57.0
sub-VP06_task-pain_nirs.snirf,S6_D8 760,-0.0008782947185014198,2186.625,7.0
sub-VP06_task-pain_nirs.snirf,S7_D6 760,0.027340860737864944,163.3404255319149,93.0
sub-VP06_task-pain_nirs.snirf,S7_D7 760,-0.021120111255583385,1743.8,9.0
sub-VP06_task-pain_nirs.snirf,S8_D7 760,-0.03241556923732983,962.4444444444445,17.0
sub-VP06_task-pain_nirs.snirf,S8_D8 760,-0.010027461341847815,2923.5,5.0
sub-VP06_task-pain_nirs.snirf,S9_D8 760,-0.023214775061507348,1746.9,9.0
sub-VP06_task-pain_nirs.snirf,S9_D9 760,-0.015165993672432621,4377.25,3.0
sub-VP06_task-pain_nirs.snirf,S9_D10 760,-0.013619643464182735,1236.857142857143,13.0
sub-VP06_task-pain_nirs.snirf,S9_D19 760,-0.0641816446270925,35.164794007490634,266.0
sub-VP06_task-pain_nirs.snirf,S10_D5 760,-0.007129769747467908,1457.9166666666667,11.0
sub-VP06_task-pain_nirs.snirf,S10_D8 760,-0.0026583121662584752,4379.5,3.0
sub-VP06_task-pain_nirs.snirf,S10_D10 760,0.032931233837538175,212.93589743589743,77.0
sub-VP06_task-pain_nirs.snirf,S10_D14 760,-0.03427107267356119,243.3548387096774,61.0
sub-VP06_task-pain_nirs.snirf,S10_D20 760,0.07483464027857573,45.94274809160305,261.0
sub-VP06_task-pain_nirs.snirf,S11_D9 760,-0.016833105043323082,720.5833333333334,23.0
sub-VP06_task-pain_nirs.snirf,S11_D10 760,0.013963678219747803,326.4423076923077,51.0
sub-VP06_task-pain_nirs.snirf,S11_D15 760,-0.007859435474261045,129.93333333333334,119.0
sub-VP06_task-pain_nirs.snirf,S12_D2 760,-0.0033991746899055637,2913.5,5.0
sub-VP06_task-pain_nirs.snirf,S12_D11 760,-0.002519726356799229,439.2894736842105,37.0
sub-VP06_task-pain_nirs.snirf,S12_D12 760,-0.006102871067050909,1244.0714285714287,13.0
sub-VP06_task-pain_nirs.snirf,S12_D14 760,-0.01354917463013602,2183.625,7.0
sub-VP06_task-pain_nirs.snirf,S12_D21 760,-0.09966200054070973,72.87878787878788,197.0
sub-VP06_task-pain_nirs.snirf,S13_D11 760,-0.04240486546317371,293.17241379310343,57.0
sub-VP06_task-pain_nirs.snirf,S13_D13 760,-0.01605304283099437,2922.6666666666665,5.0
sub-VP06_task-pain_nirs.snirf,S13_D15 760,-0.05059842348143424,479.1388888888889,35.0
sub-VP06_task-pain_nirs.snirf,S14_D11 760,-0.044019806294208735,718.375,23.0
sub-VP06_task-pain_nirs.snirf,S14_D12 760,-0.03567602696643372,2908.5,5.0
sub-VP06_task-pain_nirs.snirf,S14_D13 760,-0.013821554266410747,4391.75,3.0
sub-VP06_task-pain_nirs.snirf,S14_D22 760,0.0073500588930737465,69.49509803921569,203.0
sub-VP06_task-pain_nirs.snirf,S15_D1 760,-0.044988901471471186,366.5652173913044,45.0
sub-VP06_task-pain_nirs.snirf,S15_D12 760,-0.010156231141408196,2919.6666666666665,5.0
sub-VP06_task-pain_nirs.snirf,S16_D10 760,0.01175453206709863,186.09302325581396,85.0
sub-VP06_task-pain_nirs.snirf,S16_D11 760,-0.006812819437116216,2909.5,5.0
sub-VP06_task-pain_nirs.snirf,S16_D14 760,-0.0018880405241462647,321.59615384615387,51.0
sub-VP06_task-pain_nirs.snirf,S16_D15 760,-0.0169084335988995,492.6764705882353,33.0
sub-VP06_task-pain_nirs.snirf,S16_D23 760,0.0360053213649988,44.71111111111111,269.0
sub-VP06_task-pain_nirs.snirf,S1_D1 850,-0.03819542997075964,370.4782608695652,45.0
sub-VP06_task-pain_nirs.snirf,S1_D2 850,-0.01832880729498572,425.875,39.0
sub-VP06_task-pain_nirs.snirf,S1_D12 850,-0.003203345395438501,2914.8333333333335,5.0
sub-VP06_task-pain_nirs.snirf,S2_D1 850,-0.0036901551482413503,210.53846153846155,77.0
sub-VP06_task-pain_nirs.snirf,S2_D3 850,-0.020059909883118412,271.7258064516129,61.0
sub-VP06_task-pain_nirs.snirf,S3_D1 850,-0.00827450416747724,3444.8,4.0
sub-VP06_task-pain_nirs.snirf,S3_D3 850,-0.043281743210207856,200.79268292682926,81.0
sub-VP06_task-pain_nirs.snirf,S3_D4 850,-0.00894079153214087,2177.625,7.0
sub-VP06_task-pain_nirs.snirf,S3_D16 850,-0.058983539132559104,386.5681818181818,43.0
sub-VP06_task-pain_nirs.snirf,S4_D2 850,-0.028522463773553518,193.95294117647057,84.0
sub-VP06_task-pain_nirs.snirf,S4_D4 850,0.0007002120935066802,3460.6,4.0
sub-VP06_task-pain_nirs.snirf,S4_D5 850,-0.017830262717934628,89.86904761904762,167.0
sub-VP06_task-pain_nirs.snirf,S4_D14 850,0.0009495318626921816,487.97058823529414,33.0
sub-VP06_task-pain_nirs.snirf,S4_D17 850,-0.00958469492266717,77.25133689839572,186.0
sub-VP06_task-pain_nirs.snirf,S5_D4 850,-0.024750028177664266,719.2083333333334,23.0
sub-VP06_task-pain_nirs.snirf,S5_D6 850,0.022935979564100484,74.6842105263158,189.0
sub-VP06_task-pain_nirs.snirf,S5_D7 850,-0.00431837021848502,4393.5,3.0
sub-VP06_task-pain_nirs.snirf,S5_D18 850,0.10857915883155471,105.91891891891892,147.0
sub-VP06_task-pain_nirs.snirf,S6_D5 850,-0.01238428409241174,174.4468085106383,93.0
sub-VP06_task-pain_nirs.snirf,S6_D7 850,-0.046934291390298144,174.63829787234042,93.0
sub-VP06_task-pain_nirs.snirf,S6_D8 850,-0.0024469547201822622,1452.9166666666667,11.0
sub-VP06_task-pain_nirs.snirf,S7_D6 850,0.028272819995541112,167.66304347826087,91.0
sub-VP06_task-pain_nirs.snirf,S7_D7 850,-0.02238467583330509,1743.4,9.0
sub-VP06_task-pain_nirs.snirf,S8_D7 850,-0.06416833420072082,290.1034482758621,57.0
sub-VP06_task-pain_nirs.snirf,S8_D8 850,-0.027406208904736697,2189.0,7.0
sub-VP06_task-pain_nirs.snirf,S9_D8 850,-0.05796989575798357,537.90625,31.0
sub-VP06_task-pain_nirs.snirf,S9_D9 850,-0.028155776443820387,2915.5,5.0
sub-VP06_task-pain_nirs.snirf,S9_D10 850,-0.038388247565851255,780.9545454545455,21.0
sub-VP06_task-pain_nirs.snirf,S9_D19 850,-0.07382484311817972,33.07420494699647,282.0
sub-VP06_task-pain_nirs.snirf,S10_D5 850,-0.022280163203636207,1747.8,9.0
sub-VP06_task-pain_nirs.snirf,S10_D8 850,-0.014591490488332842,2916.6666666666665,5.0
sub-VP06_task-pain_nirs.snirf,S10_D10 850,0.023781120543385798,121.953125,127.0
sub-VP06_task-pain_nirs.snirf,S10_D14 850,-0.06698527543611013,144.8921568627451,101.0
sub-VP06_task-pain_nirs.snirf,S10_D20 850,0.08564573542343973,40.775,279.0
sub-VP06_task-pain_nirs.snirf,S11_D9 850,-0.03765936601738554,183.15555555555557,89.0
sub-VP06_task-pain_nirs.snirf,S11_D10 850,-0.01681292761913642,234.19444444444446,71.0
sub-VP06_task-pain_nirs.snirf,S11_D15 850,-0.03653746477218855,128.85245901639345,121.0
sub-VP06_task-pain_nirs.snirf,S12_D2 850,-0.008791197696702757,2182.0,7.0
sub-VP06_task-pain_nirs.snirf,S12_D11 850,-0.014037061393684824,345.3125,47.0
sub-VP06_task-pain_nirs.snirf,S12_D12 850,-0.034261376729180254,454.1578947368421,37.0
sub-VP06_task-pain_nirs.snirf,S12_D14 850,-0.032376243243645894,666.9230769230769,25.0
sub-VP06_task-pain_nirs.snirf,S12_D21 850,-0.10786834041828078,66.69339622641509,211.0
sub-VP06_task-pain_nirs.snirf,S13_D11 850,-0.12492188495635492,159.94117647058823,101.0
sub-VP06_task-pain_nirs.snirf,S13_D13 850,-0.050011195003587854,723.9583333333334,23.0
sub-VP06_task-pain_nirs.snirf,S13_D15 850,-0.10980764585420712,341.42,49.0
sub-VP06_task-pain_nirs.snirf,S14_D11 850,-0.10662192816001836,214.33333333333334,77.0
sub-VP06_task-pain_nirs.snirf,S14_D12 850,-0.06761511791111119,506.8235294117647,33.0
sub-VP06_task-pain_nirs.snirf,S14_D13 850,-0.03508113855042236,4383.75,3.0
sub-VP06_task-pain_nirs.snirf,S14_D22 850,0.0026662367271949594,57.96818181818182,219.0
sub-VP06_task-pain_nirs.snirf,S15_D1 850,-0.07985607437317643,223.625,71.0
sub-VP06_task-pain_nirs.snirf,S15_D12 850,-0.020502315885180096,2914.8333333333335,5.0
sub-VP06_task-pain_nirs.snirf,S16_D10 850,-0.009368307594832065,160.20833333333334,95.0
sub-VP06_task-pain_nirs.snirf,S16_D11 850,-0.016034696470075174,2911.3333333333335,5.0
sub-VP06_task-pain_nirs.snirf,S16_D14 850,-0.005568862043147886,316.71153846153845,51.0
sub-VP06_task-pain_nirs.snirf,S16_D15 850,-0.032241299164118165,466.22222222222223,35.0
sub-VP06_task-pain_nirs.snirf,S16_D23 850,0.026179914001511803,53.00813008130081,245.0
sub-VP07_task-pain_nirs.snirf,S1_D1 760,-0.20433079703285428,150.05882352941177,101.0
sub-VP07_task-pain_nirs.snirf,S1_D2 760,-0.012965074640538901,4292.25,3.0
sub-VP07_task-pain_nirs.snirf,S1_D12 760,-0.07418708038111663,573.5862068965517,28.0
sub-VP07_task-pain_nirs.snirf,S2_D1 760,-0.1394948388879883,81.51552795031056,160.0
sub-VP07_task-pain_nirs.snirf,S2_D3 760,-0.17555512268180995,243.74242424242425,65.0
sub-VP07_task-pain_nirs.snirf,S3_D1 760,-0.03286557588883531,2846.5,5.0
sub-VP07_task-pain_nirs.snirf,S3_D3 760,-0.06131016914482189,237.13432835820896,66.0
sub-VP07_task-pain_nirs.snirf,S3_D4 760,-0.012768357221156032,2849.8333333333335,5.0
sub-VP07_task-pain_nirs.snirf,S3_D16 760,0.1201681969416728,30.355648535564853,238.0
sub-VP07_task-pain_nirs.snirf,S4_D2 760,-0.050870158382323394,285.0344827586207,57.0
sub-VP07_task-pain_nirs.snirf,S4_D4 760,-0.005072328229152517,2825.3333333333335,5.0
sub-VP07_task-pain_nirs.snirf,S4_D5 760,-0.039569673918426494,1057.5625,15.0
sub-VP07_task-pain_nirs.snirf,S4_D14 760,0.00017872883784423666,2842.6666666666665,5.0
sub-VP07_task-pain_nirs.snirf,S4_D17 760,0.06013132753912498,38.798534798534796,272.0
sub-VP07_task-pain_nirs.snirf,S5_D4 760,-0.02751964535900506,2845.1666666666665,5.0
sub-VP07_task-pain_nirs.snirf,S5_D6 760,-0.09222567696464519,258.741935483871,61.0
sub-VP07_task-pain_nirs.snirf,S5_D7 760,0.0022951566151004125,2847.1666666666665,5.0
sub-VP07_task-pain_nirs.snirf,S5_D18 760,0.08474886395714976,30.678929765886288,298.0
sub-VP07_task-pain_nirs.snirf,S6_D5 760,0.1737700262099647,140.86486486486487,110.0
sub-VP07_task-pain_nirs.snirf,S6_D7 760,0.0001504349914153505,466.6388888888889,35.0
sub-VP07_task-pain_nirs.snirf,S6_D8 760,-0.002140837936587906,5653.0,2.0
sub-VP07_task-pain_nirs.snirf,S7_D6 760,-0.18930233279753603,69.59693877551021,195.0
sub-VP07_task-pain_nirs.snirf,S7_D7 760,-0.08080065173976511,313.7692307692308,51.0
sub-VP07_task-pain_nirs.snirf,S8_D7 760,-0.059590002445396466,143.45454545454547,109.0
sub-VP07_task-pain_nirs.snirf,S8_D8 760,-0.059112535905915774,1889.6666666666667,8.0
sub-VP07_task-pain_nirs.snirf,S9_D8 760,-0.0007005239655146593,4296.25,3.0
sub-VP07_task-pain_nirs.snirf,S9_D9 760,-0.009572674476767006,8602.0,1.0
sub-VP07_task-pain_nirs.snirf,S9_D10 760,-0.0033169686451629678,4290.25,3.0
sub-VP07_task-pain_nirs.snirf,S9_D19 760,-0.2558983103622192,31.90625,255.0
sub-VP07_task-pain_nirs.snirf,S10_D5 760,0.09958574760070073,139.5818181818182,109.0
sub-VP07_task-pain_nirs.snirf,S10_D8 760,-0.011532163650363992,1217.5714285714287,13.0
sub-VP07_task-pain_nirs.snirf,S10_D10 760,-0.01619949867846151,5650.666666666667,2.0
sub-VP07_task-pain_nirs.snirf,S10_D14 760,0.003372597747592271,92.03030303030303,131.0
sub-VP07_task-pain_nirs.snirf,S10_D20 760,-0.23855251786664963,35.84615384615385,272.0
sub-VP07_task-pain_nirs.snirf,S11_D9 760,-0.007931670014373721,4296.75,3.0
sub-VP07_task-pain_nirs.snirf,S11_D10 760,-0.009782446553502924,1297.6153846153845,12.0
sub-VP07_task-pain_nirs.snirf,S11_D15 760,-0.17096573024440148,125.76984126984127,125.0
sub-VP07_task-pain_nirs.snirf,S12_D2 760,-0.0072566962060553394,844.9,19.0
sub-VP07_task-pain_nirs.snirf,S12_D11 760,-0.024448060625661433,5652.0,2.0
sub-VP07_task-pain_nirs.snirf,S12_D12 760,-0.040662757234961766,703.3333333333334,23.0
sub-VP07_task-pain_nirs.snirf,S12_D14 760,-0.0860326488619671,142.49056603773585,105.0
sub-VP07_task-pain_nirs.snirf,S12_D21 760,-0.1835831757098177,26.522633744855966,242.0
sub-VP07_task-pain_nirs.snirf,S13_D11 760,0.004771689905336884,4292.75,3.0
sub-VP07_task-pain_nirs.snirf,S13_D13 760,-0.02110588483575367,2861.1666666666665,5.0
sub-VP07_task-pain_nirs.snirf,S13_D15 760,-0.11691235025395637,240.88235294117646,67.0
sub-VP07_task-pain_nirs.snirf,S14_D11 760,-0.002025791157870979,8602.0,1.0
sub-VP07_task-pain_nirs.snirf,S14_D12 760,-0.027442607659624835,5640.333333333333,2.0
sub-VP07_task-pain_nirs.snirf,S14_D13 760,-0.0012752733121334826,8602.0,1.0
sub-VP07_task-pain_nirs.snirf,S14_D22 760,0.08987117693820951,30.085545722713864,338.0
sub-VP07_task-pain_nirs.snirf,S15_D1 760,-0.07970914501714793,90.9496855345912,158.0
sub-VP07_task-pain_nirs.snirf,S15_D12 760,-0.03887948108411253,1874.888888888889,8.0
sub-VP07_task-pain_nirs.snirf,S16_D10 760,-0.03805757835364858,4290.0,3.0
sub-VP07_task-pain_nirs.snirf,S16_D11 760,-0.020976552780834837,3394.4,4.0
sub-VP07_task-pain_nirs.snirf,S16_D14 760,-0.004032040271389784,5655.0,2.0
sub-VP07_task-pain_nirs.snirf,S16_D15 760,-0.006694412342526155,5652.666666666667,2.0
sub-VP07_task-pain_nirs.snirf,S16_D23 760,-0.10569945632310179,44.31598513011152,268.0
sub-VP07_task-pain_nirs.snirf,S1_D1 850,-0.22986723985314383,140.5648148148148,107.0
sub-VP07_task-pain_nirs.snirf,S1_D2 850,-0.026839584690792978,4287.75,3.0
sub-VP07_task-pain_nirs.snirf,S1_D12 850,-0.09442107639333955,473.4,34.0
sub-VP07_task-pain_nirs.snirf,S2_D1 850,-0.17936517118979692,85.6774193548387,154.0
sub-VP07_task-pain_nirs.snirf,S2_D3 850,-0.2599084047695756,160.8125,95.0
sub-VP07_task-pain_nirs.snirf,S3_D1 850,-0.03390641228740165,2851.6666666666665,5.0
sub-VP07_task-pain_nirs.snirf,S3_D3 850,-0.0916434982113725,228.44927536231884,68.0
sub-VP07_task-pain_nirs.snirf,S3_D4 850,-0.025791926049338353,2847.0,5.0
sub-VP07_task-pain_nirs.snirf,S3_D16 850,0.08589355638716745,36.04149377593361,240.0
sub-VP07_task-pain_nirs.snirf,S4_D2 850,-0.08619732125097555,111.08208955223881,133.0
sub-VP07_task-pain_nirs.snirf,S4_D4 850,-0.006438717971315516,2821.3333333333335,5.0
sub-VP07_task-pain_nirs.snirf,S4_D5 850,-0.0998334340336068,144.35185185185185,107.0
sub-VP07_task-pain_nirs.snirf,S4_D14 850,-0.0028465604208585526,1703.6,9.0
sub-VP07_task-pain_nirs.snirf,S4_D17 850,0.06142008144639198,41.28148148148148,269.0
sub-VP07_task-pain_nirs.snirf,S5_D4 850,-0.04401992304665918,2845.8333333333335,5.0
sub-VP07_task-pain_nirs.snirf,S5_D6 850,-0.12367798446308269,257.9032258064516,61.0
sub-VP07_task-pain_nirs.snirf,S5_D7 850,0.0010145461966834636,2841.1666666666665,5.0
sub-VP07_task-pain_nirs.snirf,S5_D18 850,0.0714932775512516,30.234567901234566,323.0
sub-VP07_task-pain_nirs.snirf,S6_D5 850,0.1527595763696306,87.9939393939394,164.0
sub-VP07_task-pain_nirs.snirf,S6_D7 850,-0.056781933067526824,213.26315789473685,75.0
sub-VP07_task-pain_nirs.snirf,S6_D8 850,0.002832341063112368,5652.333333333333,2.0
sub-VP07_task-pain_nirs.snirf,S7_D6 850,-0.3189765645746455,41.141891891891895,295.0
sub-VP07_task-pain_nirs.snirf,S7_D7 850,-0.10518288573905653,301.7037037037037,53.0
sub-VP07_task-pain_nirs.snirf,S8_D7 850,-0.11533045912466725,65.58095238095238,209.0
sub-VP07_task-pain_nirs.snirf,S8_D8 850,-0.13477094087366384,306.27777777777777,53.0
sub-VP07_task-pain_nirs.snirf,S9_D8 850,-0.008452308015757484,2859.1666666666665,5.0
sub-VP07_task-pain_nirs.snirf,S9_D9 850,-0.025321841323044256,4294.5,3.0
sub-VP07_task-pain_nirs.snirf,S9_D10 850,-0.008554569993820463,2860.5,5.0
sub-VP07_task-pain_nirs.snirf,S9_D19 850,-0.40898148127268197,22.47983870967742,247.0
sub-VP07_task-pain_nirs.snirf,S10_D5 850,0.12058743873003686,120.34426229508196,121.0
sub-VP07_task-pain_nirs.snirf,S10_D8 850,-0.038435702833839416,192.5952380952381,83.0
sub-VP07_task-pain_nirs.snirf,S10_D10 850,-0.025927433409321528,5648.666666666667,2.0
sub-VP07_task-pain_nirs.snirf,S10_D14 850,-0.003736207484559495,79.99382716049382,161.0
sub-VP07_task-pain_nirs.snirf,S10_D20 850,-0.3283952114873052,31.352941176470587,271.0
sub-VP07_task-pain_nirs.snirf,S11_D9 850,-0.024778832616459193,2860.5,5.0
sub-VP07_task-pain_nirs.snirf,S11_D10 850,-0.014951839230880837,474.34285714285716,34.0
sub-VP07_task-pain_nirs.snirf,S11_D15 850,-0.31247322049614534,44.723404255319146,281.0
sub-VP07_task-pain_nirs.snirf,S12_D2 850,-0.027016145107216047,555.0,29.0
sub-VP07_task-pain_nirs.snirf,S12_D11 850,-0.04747141053953178,3393.4,4.0
sub-VP07_task-pain_nirs.snirf,S12_D12 850,-0.071984446655766,493.52941176470586,33.0
sub-VP07_task-pain_nirs.snirf,S12_D14 850,-0.1797945203608191,107.74590163934427,121.0
sub-VP07_task-pain_nirs.snirf,S12_D21 850,-0.203298560767033,20.472803347280333,238.0
sub-VP07_task-pain_nirs.snirf,S13_D11 850,-0.011075247310456532,709.9166666666666,23.0
sub-VP07_task-pain_nirs.snirf,S13_D13 850,-0.0602114154272637,2856.5,5.0
sub-VP07_task-pain_nirs.snirf,S13_D15 850,-0.26862537312752577,65.54716981132076,211.0
sub-VP07_task-pain_nirs.snirf,S14_D11 850,-0.006617852937050484,4290.5,3.0
sub-VP07_task-pain_nirs.snirf,S14_D12 850,-0.05481765661966802,5638.333333333333,2.0
sub-VP07_task-pain_nirs.snirf,S14_D13 850,-0.00772071728419519,8602.0,1.0
sub-VP07_task-pain_nirs.snirf,S14_D22 850,0.06518718952907931,25.718446601941746,308.0
sub-VP07_task-pain_nirs.snirf,S15_D1 850,-0.1695758745745451,74.02762430939227,180.0
sub-VP07_task-pain_nirs.snirf,S15_D12 850,-0.07589530219473692,251.84615384615384,64.0
sub-VP07_task-pain_nirs.snirf,S16_D10 850,-0.09621459730517512,770.0454545454545,21.0
sub-VP07_task-pain_nirs.snirf,S16_D11 850,-0.04620433325217972,165.97938144329896,96.0
sub-VP07_task-pain_nirs.snirf,S16_D14 850,-0.002664835044923061,5654.666666666667,2.0
sub-VP07_task-pain_nirs.snirf,S16_D15 850,-0.014156644026762456,1885.6666666666667,8.0
sub-VP07_task-pain_nirs.snirf,S16_D23 850,-0.19508511473437792,30.963455149501662,300.0
sub-VP08_task-pain_nirs.snirf,S1_D1 760,0.059532476442356076,265.4590163934426,60.0
sub-VP08_task-pain_nirs.snirf,S1_D2 760,0.004350161190057034,3459.2,4.0
sub-VP08_task-pain_nirs.snirf,S1_D12 760,0.007839799137446498,1903.3333333333333,8.0
sub-VP08_task-pain_nirs.snirf,S2_D1 760,0.02118538780555714,3441.0,4.0
sub-VP08_task-pain_nirs.snirf,S2_D3 760,0.06666316187762467,347.8936170212766,46.0
sub-VP08_task-pain_nirs.snirf,S3_D1 760,0.017047562534946856,2432.8571428571427,6.0
sub-VP08_task-pain_nirs.snirf,S3_D3 760,-0.0018130946610367682,147.9142857142857,104.0
sub-VP08_task-pain_nirs.snirf,S3_D4 760,0.007165393904580028,5736.666666666667,2.0
sub-VP08_task-pain_nirs.snirf,S3_D16 760,0.028951769590029222,531.78125,31.0
sub-VP08_task-pain_nirs.snirf,S4_D2 760,0.005876388008482855,3454.2,4.0
sub-VP08_task-pain_nirs.snirf,S4_D4 760,-0.0006659632634284044,4340.0,3.0
sub-VP08_task-pain_nirs.snirf,S4_D5 760,0.002526758731349446,3453.0,4.0
sub-VP08_task-pain_nirs.snirf,S4_D14 760,0.012098627505956673,5755.666666666667,2.0
sub-VP08_task-pain_nirs.snirf,S4_D17 760,0.00943038030022103,1304.7692307692307,12.0
sub-VP08_task-pain_nirs.snirf,S5_D4 760,0.0033370537241373473,2872.8333333333335,5.0
sub-VP08_task-pain_nirs.snirf,S5_D6 760,0.05015086740448034,246.13846153846154,64.0
sub-VP08_task-pain_nirs.snirf,S5_D7 760,0.0024301026459578722,5743.666666666667,2.0
sub-VP08_task-pain_nirs.snirf,S5_D18 760,0.01359522575288086,1146.2,14.0
sub-VP08_task-pain_nirs.snirf,S6_D5 760,0.0014045659495162122,1437.75,11.0
sub-VP08_task-pain_nirs.snirf,S6_D7 760,-0.01411198928369305,562.0666666666667,29.0
sub-VP08_task-pain_nirs.snirf,S6_D8 760,0.001364270131437873,2157.25,7.0
sub-VP08_task-pain_nirs.snirf,S7_D6 760,0.08730310995229407,89.6319018404908,162.0
sub-VP08_task-pain_nirs.snirf,S7_D7 760,0.008524479447360636,2162.75,7.0
sub-VP08_task-pain_nirs.snirf,S8_D7 760,0.004515842041284239,526.21875,31.0
sub-VP08_task-pain_nirs.snirf,S8_D8 760,0.017709019128166373,383.90909090909093,43.0
sub-VP08_task-pain_nirs.snirf,S9_D8 760,0.0025025781875097127,1724.6,9.0
sub-VP08_task-pain_nirs.snirf,S9_D9 760,0.00926844006448781,1725.8,9.0
sub-VP08_task-pain_nirs.snirf,S9_D10 760,0.004637095518599229,2152.375,7.0
sub-VP08_task-pain_nirs.snirf,S9_D19 760,-0.05214597495348207,534.6129032258065,30.0
sub-VP08_task-pain_nirs.snirf,S10_D5 760,-0.0007734603613610534,4321.5,3.0
sub-VP08_task-pain_nirs.snirf,S10_D8 760,0.001164792353541663,4330.75,3.0
sub-VP08_task-pain_nirs.snirf,S10_D10 760,0.00593199344350283,4321.0,3.0
sub-VP08_task-pain_nirs.snirf,S10_D14 760,0.004717544078977903,3447.6,4.0
sub-VP08_task-pain_nirs.snirf,S10_D20 760,-0.01707004070661315,3441.0,4.0
sub-VP08_task-pain_nirs.snirf,S11_D9 760,0.005893536019522485,2162.25,7.0
sub-VP08_task-pain_nirs.snirf,S11_D10 760,0.001558266626176908,2885.8333333333335,5.0
sub-VP08_task-pain_nirs.snirf,S11_D15 760,0.0008424378346666228,2881.1666666666665,5.0
sub-VP08_task-pain_nirs.snirf,S12_D2 760,0.0052893034444720655,5736.333333333333,2.0
sub-VP08_task-pain_nirs.snirf,S12_D11 760,0.028000579188684975,1555.0,10.0
sub-VP08_task-pain_nirs.snirf,S12_D12 760,0.00011915294932043062,4333.25,3.0
sub-VP08_task-pain_nirs.snirf,S12_D14 760,0.010346984459940863,3457.2,4.0
sub-VP08_task-pain_nirs.snirf,S12_D21 760,-0.1231493102169572,326.7843137254902,50.0
sub-VP08_task-pain_nirs.snirf,S13_D11 760,0.019467842527793794,169.5744680851064,93.0
sub-VP08_task-pain_nirs.snirf,S13_D13 760,0.015937998113013038,237.86764705882354,67.0
sub-VP08_task-pain_nirs.snirf,S13_D15 760,0.0168057542582843,2886.6666666666665,5.0
sub-VP08_task-pain_nirs.snirf,S14_D11 760,0.0007429664375911596,4343.75,3.0
sub-VP08_task-pain_nirs.snirf,S14_D12 760,0.008980666517806981,5740.333333333333,2.0
sub-VP08_task-pain_nirs.snirf,S14_D13 760,0.0021012257645173595,4327.75,3.0
sub-VP08_task-pain_nirs.snirf,S14_D22 760,0.05189420175824894,48.29317269076305,248.0
sub-VP08_task-pain_nirs.snirf,S15_D1 760,0.0008345239069721053,619.2222222222222,26.0
sub-VP08_task-pain_nirs.snirf,S15_D12 760,0.00247436358168993,2881.5,5.0
sub-VP08_task-pain_nirs.snirf,S16_D10 760,0.005335941390458584,3445.2,4.0
sub-VP08_task-pain_nirs.snirf,S16_D11 760,0.014078243121421296,308.60377358490564,52.0
sub-VP08_task-pain_nirs.snirf,S16_D14 760,0.004622980672459568,5766.0,2.0
sub-VP08_task-pain_nirs.snirf,S16_D15 760,0.00016064202185956354,2869.3333333333335,5.0
sub-VP08_task-pain_nirs.snirf,S16_D23 760,-0.12789184159885766,110.37037037037037,134.0
sub-VP08_task-pain_nirs.snirf,S1_D1 850,0.10511166343472647,100.31788079470199,150.0
sub-VP08_task-pain_nirs.snirf,S1_D2 850,0.008833140681325694,3452.0,4.0
sub-VP08_task-pain_nirs.snirf,S1_D12 850,0.0033234716614924803,1540.6363636363637,10.0
sub-VP08_task-pain_nirs.snirf,S2_D1 850,0.016884774624562393,3444.0,4.0
sub-VP08_task-pain_nirs.snirf,S2_D3 850,0.07231693189932537,306.64150943396226,52.0
sub-VP08_task-pain_nirs.snirf,S3_D1 850,0.008602305062639534,5736.0,2.0
sub-VP08_task-pain_nirs.snirf,S3_D3 850,0.008237442757542346,99.34482758620689,144.0
sub-VP08_task-pain_nirs.snirf,S3_D4 850,0.013240017304353665,5729.666666666667,2.0
sub-VP08_task-pain_nirs.snirf,S3_D16 850,0.022518110862808065,609.9285714285714,27.0
sub-VP08_task-pain_nirs.snirf,S4_D2 850,0.007539605062380252,3452.0,4.0
sub-VP08_task-pain_nirs.snirf,S4_D4 850,0.001263127012070743,1075.8125,15.0
sub-VP08_task-pain_nirs.snirf,S4_D5 850,0.010588354915302273,1909.888888888889,8.0
sub-VP08_task-pain_nirs.snirf,S4_D14 850,0.008432584594020518,3450.4,4.0
sub-VP08_task-pain_nirs.snirf,S4_D17 850,0.024275059564964147,480.9142857142857,34.0
sub-VP08_task-pain_nirs.snirf,S5_D4 850,0.002940580309297393,2872.8333333333335,5.0
sub-VP08_task-pain_nirs.snirf,S5_D6 850,0.05014449218469082,238.49253731343285,66.0
sub-VP08_task-pain_nirs.snirf,S5_D7 850,0.002086776095689435,5725.666666666667,2.0
sub-VP08_task-pain_nirs.snirf,S5_D18 850,0.015632625090296313,816.2857142857143,20.0
sub-VP08_task-pain_nirs.snirf,S6_D5 850,0.0034579638041987923,1718.6,9.0
sub-VP08_task-pain_nirs.snirf,S6_D7 850,-0.018013669395031184,188.57647058823528,84.0
sub-VP08_task-pain_nirs.snirf,S6_D8 850,0.0024197563045996566,4306.0,3.0
sub-VP08_task-pain_nirs.snirf,S7_D6 850,0.04646058557301086,104.27586206896552,144.0
sub-VP08_task-pain_nirs.snirf,S7_D7 850,0.00812449336838162,2164.125,7.0
sub-VP08_task-pain_nirs.snirf,S8_D7 850,-0.03267839780370986,104.86206896551724,144.0
sub-VP08_task-pain_nirs.snirf,S8_D8 850,0.029429083736916016,193.27380952380952,83.0
sub-VP08_task-pain_nirs.snirf,S9_D8 850,0.004825314281523437,1216.0,13.0
sub-VP08_task-pain_nirs.snirf,S9_D9 850,0.014758876535249137,1710.0,9.0
sub-VP08_task-pain_nirs.snirf,S9_D10 850,0.007411624613724382,559.9,29.0
sub-VP08_task-pain_nirs.snirf,S9_D19 850,-0.0735906596071674,204.97402597402598,76.0
sub-VP08_task-pain_nirs.snirf,S10_D5 850,-0.0025837397923049324,445.8421052631579,37.0
sub-VP08_task-pain_nirs.snirf,S10_D8 850,0.0033541571376866502,2158.125,7.0
sub-VP08_task-pain_nirs.snirf,S10_D10 850,0.011380956130677841,434.5897435897436,38.0
sub-VP08_task-pain_nirs.snirf,S10_D14 850,0.004669780714357237,3446.6,4.0
sub-VP08_task-pain_nirs.snirf,S10_D20 850,-0.004352838636726317,5728.666666666667,2.0
sub-VP08_task-pain_nirs.snirf,S11_D9 850,0.021530400272934905,1223.0714285714287,13.0
sub-VP08_task-pain_nirs.snirf,S11_D10 850,0.007017598833036565,1719.5,9.0
sub-VP08_task-pain_nirs.snirf,S11_D15 850,-0.0021267820110595845,2153.5,7.0
sub-VP08_task-pain_nirs.snirf,S12_D2 850,0.0022387465819374537,5736.333333333333,2.0
sub-VP08_task-pain_nirs.snirf,S12_D11 850,0.06910267953908969,143.97196261682242,106.0
sub-VP08_task-pain_nirs.snirf,S12_D12 850,3.8306214597435195e-05,4331.25,3.0
sub-VP08_task-pain_nirs.snirf,S12_D14 850,0.014148711143978853,3447.0,4.0
sub-VP08_task-pain_nirs.snirf,S12_D21 850,-0.005973210510608895,159.58415841584159,100.0
sub-VP08_task-pain_nirs.snirf,S13_D11 850,0.07162743976538623,56.51401869158879,213.0
sub-VP08_task-pain_nirs.snirf,S13_D13 850,0.040439290488392426,79.68639053254438,168.0
sub-VP08_task-pain_nirs.snirf,S13_D15 850,0.028182508542673755,533.21875,31.0
sub-VP08_task-pain_nirs.snirf,S14_D11 850,0.002036386543064277,4331.0,3.0
sub-VP08_task-pain_nirs.snirf,S14_D12 850,0.01425865369751,5734.0,2.0
sub-VP08_task-pain_nirs.snirf,S14_D13 850,0.00947491131802413,2864.8333333333335,5.0
sub-VP08_task-pain_nirs.snirf,S14_D22 850,0.09023320635497972,40.426877470355734,252.0
sub-VP08_task-pain_nirs.snirf,S15_D1 850,-0.0016052233301822316,116.14503816793894,130.0
sub-VP08_task-pain_nirs.snirf,S15_D12 850,0.0022525383827628866,2876.5,5.0
sub-VP08_task-pain_nirs.snirf,S16_D10 850,0.009739771851570267,1553.8181818181818,10.0
sub-VP08_task-pain_nirs.snirf,S16_D11 850,0.022392516655991363,92.38562091503267,152.0
sub-VP08_task-pain_nirs.snirf,S16_D14 850,0.010578483954836845,1906.3333333333333,8.0
sub-VP08_task-pain_nirs.snirf,S16_D15 850,-0.006269942620167536,500.94117647058823,33.0
sub-VP08_task-pain_nirs.snirf,S16_D23 850,-0.19465756404647847,51.806584362139915,242.0
sub-VP09_task-pain_nirs.snirf,S1_D1 760,0.48190838376206124,975.578947368421,18.0
sub-VP09_task-pain_nirs.snirf,S1_D2 760,-0.11159035885260818,580.1875,31.0
sub-VP09_task-pain_nirs.snirf,S1_D12 760,-0.010739358677321351,3119.1666666666665,5.0
sub-VP09_task-pain_nirs.snirf,S2_D1 760,1.3171879422053976,204.51162790697674,85.0
sub-VP09_task-pain_nirs.snirf,S2_D3 760,-0.1979748308804573,287.9047619047619,62.0
sub-VP09_task-pain_nirs.snirf,S3_D1 760,-0.007008873311867798,2343.875,7.0
sub-VP09_task-pain_nirs.snirf,S3_D3 760,2.298492597347571,206.86904761904762,83.0
sub-VP09_task-pain_nirs.snirf,S3_D4 760,0.0023112242922071514,3738.6,4.0
sub-VP09_task-pain_nirs.snirf,S3_D16 760,-0.1750122891769665,119.25694444444444,143.0
sub-VP09_task-pain_nirs.snirf,S4_D2 760,-0.16130514777560426,974.8421052631579,18.0
sub-VP09_task-pain_nirs.snirf,S4_D4 760,0.02172916095964772,3737.6,4.0
sub-VP09_task-pain_nirs.snirf,S4_D5 760,-0.17249393595333334,806.5217391304348,22.0
sub-VP09_task-pain_nirs.snirf,S4_D14 760,0.020902523476854246,3733.2,4.0
sub-VP09_task-pain_nirs.snirf,S4_D17 760,-0.14500357393214713,219.96296296296296,80.0
sub-VP09_task-pain_nirs.snirf,S5_D4 760,0.16716914334341793,197.8988764044944,88.0
sub-VP09_task-pain_nirs.snirf,S5_D6 760,0.5279362578202977,120.73571428571428,139.0
sub-VP09_task-pain_nirs.snirf,S5_D7 760,-0.038774270588537815,9496.5,1.0
sub-VP09_task-pain_nirs.snirf,S5_D18 760,-0.25402876269586827,54.24632352941177,271.0
sub-VP09_task-pain_nirs.snirf,S6_D5 760,-0.3440373175018375,980.7368421052631,18.0
sub-VP09_task-pain_nirs.snirf,S6_D7 760,-0.24735744970272294,338.0,53.0
sub-VP09_task-pain_nirs.snirf,S6_D8 760,-0.029284069026406595,4743.5,3.0
sub-VP09_task-pain_nirs.snirf,S7_D6 760,-0.00876892873179172,297.6666666666667,59.0
sub-VP09_task-pain_nirs.snirf,S7_D7 760,0.4160562739055471,305.8833333333333,59.0
sub-VP09_task-pain_nirs.snirf,S8_D7 760,0.2844709604759342,276.15625,63.0
sub-VP09_task-pain_nirs.snirf,S8_D8 760,0.07184982614098387,483.86842105263156,37.0
sub-VP09_task-pain_nirs.snirf,S9_D8 760,-0.35173490268709495,345.0192307692308,51.0
sub-VP09_task-pain_nirs.snirf,S9_D9 760,-0.01889864780642072,4736.5,3.0
sub-VP09_task-pain_nirs.snirf,S9_D10 760,-0.02715808272357687,6227.666666666667,2.0
sub-VP09_task-pain_nirs.snirf,S9_D19 760,1.1297350721166368,161.5,101.0
sub-VP09_task-pain_nirs.snirf,S10_D5 760,-0.294575335239622,459.7,39.0
sub-VP09_task-pain_nirs.snirf,S10_D8 760,0.13787582069415627,313.3448275862069,57.0
sub-VP09_task-pain_nirs.snirf,S10_D10 760,0.27124701565684667,1240.3333333333333,14.0
sub-VP09_task-pain_nirs.snirf,S10_D14 760,0.032595141788188814,1427.5384615384614,12.0
sub-VP09_task-pain_nirs.snirf,S10_D20 760,-0.3590550334156051,129.2348484848485,131.0
sub-VP09_task-pain_nirs.snirf,S11_D9 760,-0.024294151281072218,4745.5,3.0
sub-VP09_task-pain_nirs.snirf,S11_D10 760,0.0615267223592068,3144.5,5.0
sub-VP09_task-pain_nirs.snirf,S11_D15 760,0.1663125887986303,348.84615384615387,51.0
sub-VP09_task-pain_nirs.snirf,S12_D2 760,-0.31893989394023525,683.3703703703703,26.0
sub-VP09_task-pain_nirs.snirf,S12_D11 760,0.8360561336459557,424.13953488372096,42.0
sub-VP09_task-pain_nirs.snirf,S12_D12 760,-0.0414873311235605,1886.0,9.0
sub-VP09_task-pain_nirs.snirf,S12_D14 760,0.29174953833762934,640.0689655172414,28.0
sub-VP09_task-pain_nirs.snirf,S12_D21 760,-0.2805801648574048,119.31617647058823,135.0
sub-VP09_task-pain_nirs.snirf,S13_D11 760,0.8760955325044301,400.17391304347825,45.0
sub-VP09_task-pain_nirs.snirf,S13_D13 760,0.013625439052482794,4742.5,3.0
sub-VP09_task-pain_nirs.snirf,S13_D15 760,0.252662236728714,460.275,39.0
sub-VP09_task-pain_nirs.snirf,S14_D11 760,0.09227559519473023,4736.75,3.0
sub-VP09_task-pain_nirs.snirf,S14_D12 760,0.06487540296406326,558.3636363636364,32.0
sub-VP09_task-pain_nirs.snirf,S14_D13 760,0.027292259541183438,3146.3333333333335,5.0
sub-VP09_task-pain_nirs.snirf,S14_D22 760,-0.035674494849490666,839.6818181818181,21.0
sub-VP09_task-pain_nirs.snirf,S15_D1 760,1.3181247018989524,121.4820143884892,138.0
sub-VP09_task-pain_nirs.snirf,S15_D12 760,-0.06897644248290918,3745.0,4.0
sub-VP09_task-pain_nirs.snirf,S16_D10 760,0.08264965143069686,3746.0,4.0
sub-VP09_task-pain_nirs.snirf,S16_D11 760,0.12093531641351402,3685.8,4.0
sub-VP09_task-pain_nirs.snirf,S16_D14 760,0.13870595238709268,2329.875,7.0
sub-VP09_task-pain_nirs.snirf,S16_D15 760,0.06588053112990214,3770.4,4.0
sub-VP09_task-pain_nirs.snirf,S16_D23 760,1.2984511401909486,34.92096219931271,290.0
sub-VP09_task-pain_nirs.snirf,S1_D1 850,0.4598908185448978,926.65,19.0
sub-VP09_task-pain_nirs.snirf,S1_D2 850,-0.01231689964371889,316.3965517241379,57.0
sub-VP09_task-pain_nirs.snirf,S1_D12 850,0.0005349511032594892,3750.0,4.0
sub-VP09_task-pain_nirs.snirf,S2_D1 850,1.3137485393670896,133.2,129.0
sub-VP09_task-pain_nirs.snirf,S2_D3 850,-0.3298815501188366,158.34234234234233,110.0
sub-VP09_task-pain_nirs.snirf,S3_D1 850,-0.018842878811371346,2343.25,7.0
sub-VP09_task-pain_nirs.snirf,S3_D3 850,2.056123877625011,141.38333333333333,119.0
sub-VP09_task-pain_nirs.snirf,S3_D4 850,-0.012998700558514025,2073.222222222222,8.0
sub-VP09_task-pain_nirs.snirf,S3_D16 850,-0.16576466360870928,194.47826086956522,91.0
sub-VP09_task-pain_nirs.snirf,S4_D2 850,-0.21247184242237677,330.92727272727274,54.0
sub-VP09_task-pain_nirs.snirf,S4_D4 850,0.011616413171532392,3131.5,5.0
sub-VP09_task-pain_nirs.snirf,S4_D5 850,-0.24478390942902734,227.0,78.0
sub-VP09_task-pain_nirs.snirf,S4_D14 850,0.06385650547547167,4670.0,3.0
sub-VP09_task-pain_nirs.snirf,S4_D17 850,-0.1708671825014473,161.17592592592592,107.0
sub-VP09_task-pain_nirs.snirf,S5_D4 850,-0.0490403800055324,225.9367088607595,78.0
sub-VP09_task-pain_nirs.snirf,S5_D6 850,0.33908830450770877,82.90816326530613,195.0
sub-VP09_task-pain_nirs.snirf,S5_D7 850,-0.05392652049271218,9496.5,1.0
sub-VP09_task-pain_nirs.snirf,S5_D18 850,-0.26523996229546265,59.22222222222222,251.0
sub-VP09_task-pain_nirs.snirf,S6_D5 850,-0.28983193209704994,1243.8,14.0
sub-VP09_task-pain_nirs.snirf,S6_D7 850,-0.14749471576686135,213.5952380952381,83.0
sub-VP09_task-pain_nirs.snirf,S6_D8 850,-0.015155715730605089,4742.0,3.0
sub-VP09_task-pain_nirs.snirf,S7_D6 850,-0.09744022099600447,203.8068181818182,87.0
sub-VP09_task-pain_nirs.snirf,S7_D7 850,0.32823162145011353,232.07692307692307,77.0
sub-VP09_task-pain_nirs.snirf,S8_D7 850,0.42405035879771097,149.43859649122808,113.0
sub-VP09_task-pain_nirs.snirf,S8_D8 850,0.11397743076852507,256.25714285714287,69.0
sub-VP09_task-pain_nirs.snirf,S9_D8 850,-0.61402379934698,143.92372881355934,117.0
sub-VP09_task-pain_nirs.snirf,S9_D9 850,-0.03314776567685199,2363.5,7.0
sub-VP09_task-pain_nirs.snirf,S9_D10 850,0.01764283904603309,2672.8571428571427,6.0
sub-VP09_task-pain_nirs.snirf,S9_D19 850,2.0441345985409423,66.78301886792453,211.0
sub-VP09_task-pain_nirs.snirf,S10_D5 850,-0.379273225968922,256.8,69.0
sub-VP09_task-pain_nirs.snirf,S10_D8 850,0.20945597862661247,154.26785714285714,111.0
sub-VP09_task-pain_nirs.snirf,S10_D10 850,0.6409310048547402,183.06315789473683,94.0
sub-VP09_task-pain_nirs.snirf,S10_D14 850,-0.00021172060002191961,802.9130434782609,22.0
sub-VP09_task-pain_nirs.snirf,S10_D20 850,-0.5086759519145844,123.73880597014926,133.0
sub-VP09_task-pain_nirs.snirf,S11_D9 850,-0.05296935830037675,4740.25,3.0
sub-VP09_task-pain_nirs.snirf,S11_D10 850,0.15550807983739542,2353.875,7.0
sub-VP09_task-pain_nirs.snirf,S11_D15 850,0.2209378897496333,79.74509803921569,203.0
sub-VP09_task-pain_nirs.snirf,S12_D2 850,-0.2879344306775907,512.7777777777778,35.0
sub-VP09_task-pain_nirs.snirf,S12_D11 850,1.8139033893272853,180.45263157894738,94.0
sub-VP09_task-pain_nirs.snirf,S12_D12 850,-0.07511523745364729,1344.2142857142858,13.0
sub-VP09_task-pain_nirs.snirf,S12_D14 850,0.41931231817313497,168.88571428571427,104.0
sub-VP09_task-pain_nirs.snirf,S12_D21 850,-0.5974774764840568,99.63694267515923,156.0
sub-VP09_task-pain_nirs.snirf,S13_D11 850,1.6658631166781046,87.42105263157895,189.0
sub-VP09_task-pain_nirs.snirf,S13_D13 850,-0.0007888520078469172,4740.25,3.0
sub-VP09_task-pain_nirs.snirf,S13_D15 850,0.45668317211862086,50.68120805369127,297.0
sub-VP09_task-pain_nirs.snirf,S14_D11 850,0.1740377451293016,4734.25,3.0
sub-VP09_task-pain_nirs.snirf,S14_D12 850,0.16239109875080382,145.099173553719,120.0
sub-VP09_task-pain_nirs.snirf,S14_D13 850,0.08406898348557271,3144.3333333333335,5.0
sub-VP09_task-pain_nirs.snirf,S14_D22 850,-0.06052667371919211,335.81481481481484,53.0
sub-VP09_task-pain_nirs.snirf,S15_D1 850,1.2146138156473414,107.36942675159236,156.0
sub-VP09_task-pain_nirs.snirf,S15_D12 850,-0.0578082417157514,3744.6,4.0
sub-VP09_task-pain_nirs.snirf,S16_D10 850,0.25249913836650256,978.8947368421053,18.0
sub-VP09_task-pain_nirs.snirf,S16_D11 850,0.21954426905997207,1688.6363636363637,10.0
sub-VP09_task-pain_nirs.snirf,S16_D14 850,0.22848777316723853,558.2727272727273,32.0
sub-VP09_task-pain_nirs.snirf,S16_D15 850,0.2586714531194567,2692.285714285714,6.0
sub-VP09_task-pain_nirs.snirf,S16_D23 850,1.6762431163348765,31.765124555160142,280.0
sub-VP11_task-pain_nirs.snirf,S1_D1 760,0.019588516398580932,766.5909090909091,21.0
sub-VP11_task-pain_nirs.snirf,S1_D2 760,-0.0035062365752381967,8550.0,1.0
sub-VP11_task-pain_nirs.snirf,S1_D12 760,-0.0026325176530875155,8550.0,1.0
sub-VP11_task-pain_nirs.snirf,S2_D1 760,-0.10785766567809972,147.71028037383178,106.0
sub-VP11_task-pain_nirs.snirf,S2_D3 760,0.047918584009262466,221.14864864864865,73.0
sub-VP11_task-pain_nirs.snirf,S3_D1 760,-0.0007918373571244639,8550.0,1.0
sub-VP11_task-pain_nirs.snirf,S3_D3 760,0.080911270491311,320.5,51.0
sub-VP11_task-pain_nirs.snirf,S3_D4 760,0.0005483158781699154,8550.0,1.0
sub-VP11_task-pain_nirs.snirf,S3_D16 760,0.005996961509601224,647.5,25.0
sub-VP11_task-pain_nirs.snirf,S4_D2 760,-0.025411440334025433,1411.8333333333333,11.0
sub-VP11_task-pain_nirs.snirf,S4_D4 760,0.0031719302752742182,8550.0,1.0
sub-VP11_task-pain_nirs.snirf,S4_D5 760,-0.006942690374093306,1693.5,9.0
sub-VP11_task-pain_nirs.snirf,S4_D14 760,0.0006155728589108979,8550.0,1.0
sub-VP11_task-pain_nirs.snirf,S4_D17 760,0.006752815718682054,120.53658536585365,122.0
sub-VP11_task-pain_nirs.snirf,S5_D4 760,-5.3732963285398496e-05,8550.0,1.0
sub-VP11_task-pain_nirs.snirf,S5_D6 760,0.0009551748878289531,8550.0,1.0
sub-VP11_task-pain_nirs.snirf,S5_D7 760,8.950541142796385e-05,8550.0,1.0
sub-VP11_task-pain_nirs.snirf,S5_D18 760,0.0002966029191881588,8550.0,1.0
sub-VP11_task-pain_nirs.snirf,S6_D5 760,-0.023014207193390188,844.85,19.0
sub-VP11_task-pain_nirs.snirf,S6_D7 760,0.00903298557731498,936.1111111111111,17.0
sub-VP11_task-pain_nirs.snirf,S6_D8 760,-0.006049986531251004,8550.0,1.0
sub-VP11_task-pain_nirs.snirf,S7_D6 760,0.022727052652764257,157.76,99.0
sub-VP11_task-pain_nirs.snirf,S7_D7 760,0.01917610372658329,2132.625,7.0
sub-VP11_task-pain_nirs.snirf,S8_D7 760,-0.08343343277725764,1699.5,9.0
sub-VP11_task-pain_nirs.snirf,S8_D8 760,-0.017071869935192458,4269.75,3.0
sub-VP11_task-pain_nirs.snirf,S9_D8 760,-0.00783338513840523,8550.0,1.0
sub-VP11_task-pain_nirs.snirf,S9_D9 760,-0.02445186327201608,8550.0,1.0
sub-VP11_task-pain_nirs.snirf,S9_D10 760,-0.004545615633217639,8550.0,1.0
sub-VP11_task-pain_nirs.snirf,S9_D19 760,0.06032398719253862,205.06410256410257,77.0
sub-VP11_task-pain_nirs.snirf,S10_D5 760,0.0010244284869710958,8550.0,1.0
sub-VP11_task-pain_nirs.snirf,S10_D8 760,-0.0034852504962524524,8550.0,1.0
sub-VP11_task-pain_nirs.snirf,S10_D10 760,0.013754880186739836,2843.1666666666665,5.0
sub-VP11_task-pain_nirs.snirf,S10_D14 760,-0.0025432840738042663,8550.0,1.0
sub-VP11_task-pain_nirs.snirf,S10_D20 760,0.001345393642370087,8550.0,1.0
sub-VP11_task-pain_nirs.snirf,S11_D9 760,-0.005392164959855147,8550.0,1.0
sub-VP11_task-pain_nirs.snirf,S11_D10 760,-0.0038183182413285407,4259.5,3.0
sub-VP11_task-pain_nirs.snirf,S11_D15 760,-0.024852874126976877,8550.0,1.0
sub-VP11_task-pain_nirs.snirf,S12_D2 760,0.006395807645347187,8550.0,1.0
sub-VP11_task-pain_nirs.snirf,S12_D11 760,0.0018616960257471695,8550.0,1.0
sub-VP11_task-pain_nirs.snirf,S12_D12 760,-0.0007257954028419729,8550.0,1.0
sub-VP11_task-pain_nirs.snirf,S12_D14 760,-0.0014936195182952952,8550.0,1.0
sub-VP11_task-pain_nirs.snirf,S12_D21 760,0.04169516626674281,8550.0,1.0
sub-VP11_task-pain_nirs.snirf,S13_D11 760,0.014855326397920567,4274.0,3.0
sub-VP11_task-pain_nirs.snirf,S13_D13 760,-0.00393216243752036,8550.0,1.0
sub-VP11_task-pain_nirs.snirf,S13_D15 760,-0.007232840023404524,8550.0,1.0
sub-VP11_task-pain_nirs.snirf,S14_D11 760,0.0004967794119454716,8550.0,1.0
sub-VP11_task-pain_nirs.snirf,S14_D12 760,-0.0007639599500987111,8550.0,1.0
sub-VP11_task-pain_nirs.snirf,S14_D13 760,-0.005445705842526269,8550.0,1.0
sub-VP11_task-pain_nirs.snirf,S14_D22 760,0.025470008436028514,648.3076923076923,25.0
sub-VP11_task-pain_nirs.snirf,S15_D1 760,-0.028705399650843316,597.1071428571429,27.0
sub-VP11_task-pain_nirs.snirf,S15_D12 760,-0.024301218325746887,4273.0,3.0
sub-VP11_task-pain_nirs.snirf,S16_D10 760,-0.007193377944435813,4259.75,3.0
sub-VP11_task-pain_nirs.snirf,S16_D11 760,-0.0036348362967821334,8550.0,1.0
sub-VP11_task-pain_nirs.snirf,S16_D14 760,0.002003546113317412,8550.0,1.0
sub-VP11_task-pain_nirs.snirf,S16_D15 760,-0.0011220084590461959,8550.0,1.0
sub-VP11_task-pain_nirs.snirf,S16_D23 760,0.2613989080496558,220.4794520547945,72.0
sub-VP11_task-pain_nirs.snirf,S1_D1 850,0.017001943628198592,293.44642857142856,55.0
sub-VP11_task-pain_nirs.snirf,S1_D2 850,-0.0003596896939490248,8550.0,1.0
sub-VP11_task-pain_nirs.snirf,S1_D12 850,-0.001802859914537656,8550.0,1.0
sub-VP11_task-pain_nirs.snirf,S2_D1 850,-0.07878644209335689,175.83695652173913,91.0
sub-VP11_task-pain_nirs.snirf,S2_D3 850,0.04030797516370056,155.98019801980197,100.0
sub-VP11_task-pain_nirs.snirf,S3_D1 850,-0.0011128612398828728,8550.0,1.0
sub-VP11_task-pain_nirs.snirf,S3_D3 850,0.1692729630632085,111.55797101449275,137.0
sub-VP11_task-pain_nirs.snirf,S3_D4 850,0.0019160328949974978,8550.0,1.0
sub-VP11_task-pain_nirs.snirf,S3_D16 850,0.0045653164091711065,704.9583333333334,23.0
sub-VP11_task-pain_nirs.snirf,S4_D2 850,-0.03232640327098667,460.9166666666667,35.0
sub-VP11_task-pain_nirs.snirf,S4_D4 850,0.008400259484614677,8550.0,1.0
sub-VP11_task-pain_nirs.snirf,S4_D5 850,-0.011150347843982902,303.24074074074076,53.0
sub-VP11_task-pain_nirs.snirf,S4_D14 850,0.002291411308860205,8550.0,1.0
sub-VP11_task-pain_nirs.snirf,S4_D17 850,0.012546812487521153,93.97315436241611,148.0
sub-VP11_task-pain_nirs.snirf,S5_D4 850,-1.013139925410054e-05,8550.0,1.0
sub-VP11_task-pain_nirs.snirf,S5_D6 850,0.002256670470806321,8550.0,1.0
sub-VP11_task-pain_nirs.snirf,S5_D7 850,-0.0001073734681438253,8550.0,1.0
sub-VP11_task-pain_nirs.snirf,S5_D18 850,-0.0009004724293633253,8550.0,1.0
sub-VP11_task-pain_nirs.snirf,S6_D5 850,-0.04125640038134304,280.94827586206895,57.0
sub-VP11_task-pain_nirs.snirf,S6_D7 850,0.018126904038085395,341.375,47.0
sub-VP11_task-pain_nirs.snirf,S6_D8 850,-0.016853594294356594,4262.75,3.0
sub-VP11_task-pain_nirs.snirf,S7_D6 850,0.04158396258466718,166.48958333333334,95.0
sub-VP11_task-pain_nirs.snirf,S7_D7 850,0.02894737091373688,1703.8,9.0
sub-VP11_task-pain_nirs.snirf,S8_D7 850,-0.14403781114522057,462.1111111111111,35.0
sub-VP11_task-pain_nirs.snirf,S8_D8 850,-0.028586526802566053,1701.8,9.0
sub-VP11_task-pain_nirs.snirf,S9_D8 850,-0.01610276490208962,4261.25,3.0
sub-VP11_task-pain_nirs.snirf,S9_D9 850,-0.057338314701594464,2843.6666666666665,5.0
sub-VP11_task-pain_nirs.snirf,S9_D10 850,-0.00800864547045058,8550.0,1.0
sub-VP11_task-pain_nirs.snirf,S9_D19 850,0.03242549592693833,75.25133689839572,186.0
sub-VP11_task-pain_nirs.snirf,S10_D5 850,0.003536989168395661,4260.5,3.0
sub-VP11_task-pain_nirs.snirf,S10_D8 850,-0.016516900041285778,766.4090909090909,21.0
sub-VP11_task-pain_nirs.snirf,S10_D10 850,0.020943382974693718,4261.0,3.0
sub-VP11_task-pain_nirs.snirf,S10_D14 850,-0.006012688555534187,8550.0,1.0
sub-VP11_task-pain_nirs.snirf,S10_D20 850,-0.0008975310482739612,4271.75,3.0
sub-VP11_task-pain_nirs.snirf,S11_D9 850,-0.013161560010676473,8550.0,1.0
sub-VP11_task-pain_nirs.snirf,S11_D10 850,-0.006550035023508309,1694.8,9.0
sub-VP11_task-pain_nirs.snirf,S11_D15 850,-0.049700876518738966,8550.0,1.0
sub-VP11_task-pain_nirs.snirf,S12_D2 850,0.018850674671908697,8550.0,1.0
sub-VP11_task-pain_nirs.snirf,S12_D11 850,0.005379827685022228,8550.0,1.0
sub-VP11_task-pain_nirs.snirf,S12_D12 850,-0.0004248686713282557,8550.0,1.0
sub-VP11_task-pain_nirs.snirf,S12_D14 850,0.0010444540190689914,2843.0,5.0
sub-VP11_task-pain_nirs.snirf,S12_D21 850,0.04737518184621206,8550.0,1.0
sub-VP11_task-pain_nirs.snirf,S13_D11 850,0.034099953836752704,4260.0,3.0
sub-VP11_task-pain_nirs.snirf,S13_D13 850,-0.009241998126948092,8550.0,1.0
sub-VP11_task-pain_nirs.snirf,S13_D15 850,-0.013237851526006407,8550.0,1.0
sub-VP11_task-pain_nirs.snirf,S14_D11 850,0.0032107011989505564,8550.0,1.0
sub-VP11_task-pain_nirs.snirf,S14_D12 850,-0.0013215299453304915,8550.0,1.0
sub-VP11_task-pain_nirs.snirf,S14_D13 850,-0.013947493691179987,8550.0,1.0
sub-VP11_task-pain_nirs.snirf,S14_D22 850,0.03049263455921801,356.9130434782609,45.0
sub-VP11_task-pain_nirs.snirf,S15_D1 850,0.04039725639814001,114.1171875,127.0
sub-VP11_task-pain_nirs.snirf,S15_D12 850,-0.03300115285140793,1701.3,9.0
sub-VP11_task-pain_nirs.snirf,S16_D10 850,-0.00019797963283778308,694.4166666666666,23.0
sub-VP11_task-pain_nirs.snirf,S16_D11 850,-0.0092835168463615,8550.0,1.0
sub-VP11_task-pain_nirs.snirf,S16_D14 850,0.004307777690159476,8550.0,1.0
sub-VP11_task-pain_nirs.snirf,S16_D15 850,-0.0029267893664534674,8550.0,1.0
sub-VP11_task-pain_nirs.snirf,S16_D23 850,0.36045423867236737,90.0880503144654,158.0
sub-VP13_task-pain_nirs.snirf,S1_D1 760,-0.13886072065461239,274.578125,63.0
sub-VP13_task-pain_nirs.snirf,S1_D2 760,0.0012215305182991815,9229.5,1.0
sub-VP13_task-pain_nirs.snirf,S1_D12 760,0.0005841336065507631,9229.5,1.0
sub-VP13_task-pain_nirs.snirf,S2_D1 760,-0.05616656274858935,9229.5,1.0
sub-VP13_task-pain_nirs.snirf,S2_D3 760,-0.009449391603502728,238.14864864864865,73.0
sub-VP13_task-pain_nirs.snirf,S3_D1 760,-0.021391238038898204,9229.5,1.0
sub-VP13_task-pain_nirs.snirf,S3_D3 760,0.04786460978155545,231.1315789473684,75.0
sub-VP13_task-pain_nirs.snirf,S3_D4 760,-0.0067699665108406845,9229.5,1.0
sub-VP13_task-pain_nirs.snirf,S3_D16 760,-0.014857028489635826,132.1869918699187,122.0
sub-VP13_task-pain_nirs.snirf,S4_D2 760,0.011353268015496899,9229.5,1.0
sub-VP13_task-pain_nirs.snirf,S4_D4 760,0.001089189931318697,9229.5,1.0
sub-VP13_task-pain_nirs.snirf,S4_D5 760,-0.00014041380842242415,9229.5,1.0
sub-VP13_task-pain_nirs.snirf,S4_D14 760,0.0004130318345299918,9229.5,1.0
sub-VP13_task-pain_nirs.snirf,S4_D17 760,0.0010829070981960391,9229.5,1.0
sub-VP13_task-pain_nirs.snirf,S5_D4 760,0.0012049479418810934,9229.5,1.0
sub-VP13_task-pain_nirs.snirf,S5_D6 760,-0.01387977755029153,3069.6666666666665,5.0
sub-VP13_task-pain_nirs.snirf,S5_D7 760,0.00014133491425920313,9229.5,1.0
sub-VP13_task-pain_nirs.snirf,S5_D18 760,-0.16136715370399787,80.35384615384615,194.0
sub-VP13_task-pain_nirs.snirf,S6_D5 760,-0.00040549615080303497,9229.5,1.0
sub-VP13_task-pain_nirs.snirf,S6_D7 760,-0.0369593593514508,3072.8333333333335,5.0
sub-VP13_task-pain_nirs.snirf,S6_D8 760,7.61379503635184e-06,9229.5,1.0
sub-VP13_task-pain_nirs.snirf,S7_D6 760,0.051369069534472026,135.99180327868854,121.0
sub-VP13_task-pain_nirs.snirf,S7_D7 760,0.02420881696069882,2301.375,7.0
sub-VP13_task-pain_nirs.snirf,S8_D7 760,-0.3071915513979581,131.515625,127.0
sub-VP13_task-pain_nirs.snirf,S8_D8 760,-0.000805385973714168,9229.5,1.0
sub-VP13_task-pain_nirs.snirf,S9_D8 760,0.00019684632410188208,9229.5,1.0
sub-VP13_task-pain_nirs.snirf,S9_D9 760,-0.0029307530941568996,9229.5,1.0
sub-VP13_task-pain_nirs.snirf,S9_D10 760,0.0005188478749388699,9229.5,1.0
sub-VP13_task-pain_nirs.snirf,S9_D19 760,0.14994295717593242,89.17682926829268,163.0
sub-VP13_task-pain_nirs.snirf,S10_D5 760,0.0021791323477333667,3065.1666666666665,5.0
sub-VP13_task-pain_nirs.snirf,S10_D8 760,0.00024163331715421136,9229.5,1.0
sub-VP13_task-pain_nirs.snirf,S10_D10 760,-0.01250312578988523,2293.0,7.0
sub-VP13_task-pain_nirs.snirf,S10_D14 760,-0.04724964023083065,169.67,99.0
sub-VP13_task-pain_nirs.snirf,S10_D20 760,0.13015662255366944,175.19387755102042,97.0
sub-VP13_task-pain_nirs.snirf,S11_D9 760,0.022805759267586517,9229.5,1.0
sub-VP13_task-pain_nirs.snirf,S11_D10 760,-0.0004845255643192441,3069.5,5.0
sub-VP13_task-pain_nirs.snirf,S11_D15 760,0.008687151921816532,2302.375,7.0
sub-VP13_task-pain_nirs.snirf,S12_D2 760,0.006144745746687498,9229.5,1.0
sub-VP13_task-pain_nirs.snirf,S12_D11 760,-0.04318880820116321,4601.25,3.0
sub-VP13_task-pain_nirs.snirf,S12_D12 760,0.00015274937739153272,9229.5,1.0
sub-VP13_task-pain_nirs.snirf,S12_D14 760,0.0034985483888238756,9229.5,1.0
sub-VP13_task-pain_nirs.snirf,S12_D21 760,0.0060107348951727365,9229.5,1.0
sub-VP13_task-pain_nirs.snirf,S13_D11 760,0.01013051953010782,9229.5,1.0
sub-VP13_task-pain_nirs.snirf,S13_D13 760,0.010642856201947338,9229.5,1.0
sub-VP13_task-pain_nirs.snirf,S13_D15 760,0.010010152609333328,9229.5,1.0
sub-VP13_task-pain_nirs.snirf,S14_D11 760,0.007365099543426427,9229.5,1.0
sub-VP13_task-pain_nirs.snirf,S14_D12 760,0.0010554563232682045,9229.5,1.0
sub-VP13_task-pain_nirs.snirf,S14_D13 760,0.025848127637052597,9229.5,1.0
sub-VP13_task-pain_nirs.snirf,S14_D22 760,0.029168538472632895,9229.5,1.0
sub-VP13_task-pain_nirs.snirf,S15_D1 760,-0.04911399485374171,1530.75,11.0
sub-VP13_task-pain_nirs.snirf,S15_D12 760,0.0013900012685367402,9229.5,1.0
sub-VP13_task-pain_nirs.snirf,S16_D10 760,0.005451729273806695,1840.1,9.0
sub-VP13_task-pain_nirs.snirf,S16_D11 760,0.009654301390564859,9229.5,1.0
sub-VP13_task-pain_nirs.snirf,S16_D14 760,0.004410393969385364,9229.5,1.0
sub-VP13_task-pain_nirs.snirf,S16_D15 760,0.022602914542225353,9229.5,1.0
sub-VP13_task-pain_nirs.snirf,S16_D23 760,-0.03913302200470656,503.22222222222223,35.0
sub-VP13_task-pain_nirs.snirf,S1_D1 850,-0.20013288369923904,103.34394904458598,156.0
sub-VP13_task-pain_nirs.snirf,S1_D2 850,-0.0031586763082029033,1531.6666666666667,11.0
sub-VP13_task-pain_nirs.snirf,S1_D12 850,0.0016316100686689647,9229.5,1.0
sub-VP13_task-pain_nirs.snirf,S2_D1 850,-0.039809629544132086,3072.8333333333335,5.0
sub-VP13_task-pain_nirs.snirf,S2_D3 850,0.08917918787466439,106.33116883116882,153.0
sub-VP13_task-pain_nirs.snirf,S3_D1 850,-0.017156040718729903,9229.5,1.0
sub-VP13_task-pain_nirs.snirf,S3_D3 850,0.10864725796902605,85.93085106382979,187.0
sub-VP13_task-pain_nirs.snirf,S3_D4 850,-0.015599454946712825,9229.5,1.0
sub-VP13_task-pain_nirs.snirf,S3_D16 850,-0.015464603917134362,128.9291338582677,126.0
sub-VP13_task-pain_nirs.snirf,S4_D2 850,0.03197931494927887,4614.25,3.0
sub-VP13_task-pain_nirs.snirf,S4_D4 850,0.0019469825030602288,9229.5,1.0
sub-VP13_task-pain_nirs.snirf,S4_D5 850,-0.00045087848234261294,9229.5,1.0
sub-VP13_task-pain_nirs.snirf,S4_D14 850,0.0013716262252029335,9229.5,1.0
sub-VP13_task-pain_nirs.snirf,S4_D17 850,0.0018439321213717663,4611.0,3.0
sub-VP13_task-pain_nirs.snirf,S5_D4 850,0.003624797488692675,9229.5,1.0
sub-VP13_task-pain_nirs.snirf,S5_D6 850,-0.03883346935685313,757.625,23.0
sub-VP13_task-pain_nirs.snirf,S5_D7 850,-0.001177823036615418,9229.5,1.0
sub-VP13_task-pain_nirs.snirf,S5_D18 850,-0.2520117792059655,50.284132841328415,270.0
sub-VP13_task-pain_nirs.snirf,S6_D5 850,-0.002711207519179787,9229.5,1.0
sub-VP13_task-pain_nirs.snirf,S6_D7 850,-0.08115207200703466,343.78846153846155,51.0
sub-VP13_task-pain_nirs.snirf,S6_D8 850,-0.0010735765146262146,9229.5,1.0
sub-VP13_task-pain_nirs.snirf,S7_D6 850,-0.013025603728484242,107.37162162162163,147.0
sub-VP13_task-pain_nirs.snirf,S7_D7 850,0.04264239925370503,1527.5,11.0
sub-VP13_task-pain_nirs.snirf,S8_D7 850,-0.4657885000538351,74.81818181818181,197.0
sub-VP13_task-pain_nirs.snirf,S8_D8 850,-0.002527763897470206,9229.5,1.0
sub-VP13_task-pain_nirs.snirf,S9_D8 850,-2.5408171738249447e-05,9229.5,1.0
sub-VP13_task-pain_nirs.snirf,S9_D9 850,0.002055192575239088,3065.6666666666665,5.0
sub-VP13_task-pain_nirs.snirf,S9_D10 850,0.0006901570842914522,9229.5,1.0
sub-VP13_task-pain_nirs.snirf,S9_D19 850,0.3095361669862548,40.56666666666667,269.0
sub-VP13_task-pain_nirs.snirf,S10_D5 850,0.007510915480847091,1142.4375,15.0
sub-VP13_task-pain_nirs.snirf,S10_D8 850,0.0004562915722555287,9229.5,1.0
sub-VP13_task-pain_nirs.snirf,S10_D10 850,-0.03559415500569662,183.13829787234042,93.0
sub-VP13_task-pain_nirs.snirf,S10_D14 850,0.009064882128491679,94.37974683544304,157.0
sub-VP13_task-pain_nirs.snirf,S10_D20 850,0.28818313836793547,56.04526748971193,242.0
sub-VP13_task-pain_nirs.snirf,S11_D9 850,0.056863950906526406,3065.1666666666665,5.0
sub-VP13_task-pain_nirs.snirf,S11_D10 850,0.0010185390411919866,1529.5833333333333,11.0
sub-VP13_task-pain_nirs.snirf,S11_D15 850,0.00907458626463268,260.6470588235294,67.0
sub-VP13_task-pain_nirs.snirf,S12_D2 850,0.00937312090161141,9229.5,1.0
sub-VP13_task-pain_nirs.snirf,S12_D11 850,-0.15405722108093925,696.2692307692307,25.0
sub-VP13_task-pain_nirs.snirf,S12_D12 850,-0.0006784756511112439,9229.5,1.0
sub-VP13_task-pain_nirs.snirf,S12_D14 850,0.006076652490270664,9229.5,1.0
sub-VP13_task-pain_nirs.snirf,S12_D21 850,0.012162710311804777,9229.5,1.0
sub-VP13_task-pain_nirs.snirf,S13_D11 850,0.0297801554836868,9229.5,1.0
sub-VP13_task-pain_nirs.snirf,S13_D13 850,0.033524850766826854,9229.5,1.0
sub-VP13_task-pain_nirs.snirf,S13_D15 850,0.027389814708449346,9229.5,1.0
sub-VP13_task-pain_nirs.snirf,S14_D11 850,0.02159394234618095,9229.5,1.0
sub-VP13_task-pain_nirs.snirf,S14_D12 850,0.003297390944184568,9229.5,1.0
sub-VP13_task-pain_nirs.snirf,S14_D13 850,0.07431145679585269,1839.7,9.0
sub-VP13_task-pain_nirs.snirf,S14_D22 850,0.06962206050914406,2300.0,7.0
sub-VP13_task-pain_nirs.snirf,S15_D1 850,-0.05370839358950842,1139.75,15.0
sub-VP13_task-pain_nirs.snirf,S15_D12 850,0.0045676715741504795,9229.5,1.0
sub-VP13_task-pain_nirs.snirf,S16_D10 850,0.007852206211760034,154.03636363636363,109.0
sub-VP13_task-pain_nirs.snirf,S16_D11 850,0.02410728803507632,9229.5,1.0
sub-VP13_task-pain_nirs.snirf,S16_D14 850,0.008338881370830872,3074.5,5.0
sub-VP13_task-pain_nirs.snirf,S16_D15 850,0.054124054933079514,1839.0,9.0
sub-VP13_task-pain_nirs.snirf,S16_D23 850,-0.11749623598080186,115.9,139.0
